-6.018076471529510552e-13 -1.283851433416240465e-12 3.700242501227364194e-12 1.155216394577053928e-12 -2.850312135552782730e-12 5.233015260899736248e-12 -7.722338866182334386e-12 6.549071996108508640e-12
-6.181082263086541177e-13 -1.337374190335485252e-12 3.201230524703762290e-12 7.703615433051796308e-13 -1.979580190687269112e-12 4.372953637112509040e-12 -2.769592408466123582e-12 3.039879022834289302e-12
-6.086323680034988371e-13 -1.330909151257057395e-12 2.302495548621275095e-12 3.834628359671881151e-13 -6.148738757524079075e-13 3.782538630938482058e-12 6.102002902727254978e-13 8.260388988020333083e-13
-5.892564221905709282e-13 -1.270152228475362253e-12 1.402044722182276142e-12 7.070379856520058948e-14 5.919490958083549427e-13 3.200906191718423780e-12 2.424026859584898723e-12 -4.771885305112870907e-13
-5.624285157907830789e-13 -1.151379236308138206e-12 7.555010700074979738e-13 -1.242815168427950161e-13 1.196234810311621790e-12 2.906467587360459371e-12 2.550171442907189039e-12 -1.698009984550816111e-12
-5.227104134747739252e-13 -9.803331434270638435e-13 2.935316661405171579e-13 -3.143752012861034105e-13 1.391580554417744993e-12 2.568298998771952335e-12 1.941207572548860462e-12 -1.949940869940491793e-12
-4.696259456954031588e-13 -7.658284546629015205e-13 2.499984382354528654e-14 -4.679087710765364188e-13 1.133888980782035640e-12 2.189530582452959307e-12 9.538318042276435874e-13 -1.739172516374209033e-12
-3.992919989360410590e-13 -5.258078035037905616e-13 -8.847275196967203169e-14 -6.063741950367720036e-13 7.464668449708901544e-13 1.627483949727477417e-12 2.584924044376182153e-13 -1.270614552192719263e-12
-3.213214098626388178e-13 -3.037078274635329706e-13 -1.048109370782275231e-13 -6.978787558526264928e-13 3.474232805236210929e-13 9.851879130547513962e-13 2.824156593656473062e-13 -1.156311235831773660e-12
-2.420416396447697539e-13 -1.247900418854864483e-13 -4.230317836553408244e-14 -7.143061394869941617e-13 7.365955214040532975e-14 4.263785396752938776e-13 3.298369300376009437e-13 -4.769571053681967549e-13
-1.705600100245180675e-13 -3.181185212731421815e-15 3.213274610206362746e-14 -6.118843774044174592e-13 -1.434289906670598091e-14 2.072857234117727262e-14 6.671935339457081337e-13 -7.388833503210227607e-14
-1.120635206597385760e-13 6.084836373194523346e-14 1.009090849912689663e-13 -4.349372111557226231e-13 2.105614822791442050e-14 -1.024705556870693347e-13 4.276530434238009321e-13 4.403082700318184735e-13
-6.823956382525539229e-14 7.397113120908931609e-14 1.458708768164072033e-13 -2.642367722074742990e-13 9.722308952398726941e-14 -1.100476549248840537e-13 9.785105743254843860e-14 3.224117506908812374e-13
-3.821676332266359435e-14 5.797502316733937503e-14 1.595813541313759194e-13 -1.499769667203170832e-13 1.155439476689983580e-13 -7.340216625462047943e-14 -4.720097353306250008e-14 1.024119655892710392e-13
-1.932668549346362013e-14 3.352530140084562460e-14 1.459761795884821700e-13 -9.217380348758956450e-14 8.521182035720686855e-14 -6.932905872167609468e-14 -3.309585316603009160e-13 -1.449941247461314637e-13
-7.631329419995040537e-13 -1.595126688340114595e-12 5.099034268101739780e-12 1.805384285186943886e-12 -4.323628764122455720e-12 7.656841996531961534e-12 -1.578230282477870649e-11 1.362053413121637326e-11
-8.194010309404381689e-13 -1.741672199714468044e-12 5.168194268277947910e-12 1.367144021876308391e-12 -4.178591602159600543e-12 6.642533693826563363e-12 -7.675092205512005478e-12 7.127604321006977560e-12
-8.241233122413651188e-13 -1.795101416361548804e-12 4.230207337046328677e-12 8.157076331663451483e-13 -2.598260963362783738e-12 5.672127991174077822e-12 -1.644755437374417325e-12 2.736369468506188795e-12
-8.008675141465714469e-13 -1.764650438215128748e-12 2.748357583741213784e-12 2.630221357097423970e-13 -3.897376659910956077e-13 4.647759676962235378e-12 2.288638542382022595e-12 6.702614406570854970e-13
-7.703922825281559244e-13 -1.659232697895720712e-12 1.555025441255123999e-12 -9.084286568216513536e-14 1.138545594565196300e-12 4.053248138174722962e-12 3.843524632861653394e-12 -1.341992490514386347e-12
-7.323563741687338191e-13 -1.480776060000445402e-12 7.143865426066076590e-13 -3.459439755721110703e-13 1.913954142599382183e-12 3.556679228013807221e-12 3.568544078912037605e-12 -1.899899742164336030e-12
-6.807442384959101174e-13 -1.234343186206509031e-12 2.134035798225102001e-13 -5.178323876933839530e-13 1.845285038940338409e-12 3.204012824430700023e-12 2.243876604808022029e-12 -1.860807547417061313e-12
-6.026394943103542355e-13 -9.228465570465429028e-13 -6.790254414625236559e-14 -6.896366205505781663e-13 1.421586598560139330e-12 2.640770147117218162e-12 7.290973235798289988e-13 -1.360217205426560317e-12
-5.059717272116456881e-13 -5.976558148815645660e-13 -1.845274788661549704e-13 -8.351305795160426632e-13 8.086554333181076351e-13 1.854577046883296415e-12 2.317346555004385801e-13 -1.582002795577077104e-12
-3.970912178549192632e-13 -3.045603546440543574e-13 -1.500926751861609741e-13 -9.284154538826454361e-13 2.534830719584038805e-13 1.030334873669771901e-12 5.771118383886533013e-14 -8.123868245507894504e-13
-2.908167630785840769e-13 -8.154390782030819117e-14 -5.095464868392528590e-14 -8.908687542696226905e-13 -4.584202651596098619e-14 2.898339610142452380e-13 6.929351821267485616e-13 -3.576981695708531490e-13
-1.978857080399293049e-13 5.451472547390147477e-14 7.997009582368245074e-14 -7.015255430838395984e-13 -7.919558900252548937e-14 -4.271744318660993771e-14 6.538069553178038790e-13 5.086505585180373294e-13
-1.245396219989080876e-13 1.080999760148108502e-13 1.756344574360459616e-13 -4.445991912064041501e-13 7.501262465428983789e-14 -1.435770576046029892e-13 3.403861431227596771e-13 4.120407672555633913e-13
-7.173140586775803378e-14 1.023873112949721739e-13 2.259520345870544694e-13 -2.405178353542193081e-13 1.815815526038374225e-13 -9.455826337479749084e-14 1.640735121003655239e-13 2.332885133325691592e-13
-3.713270430975659154e-14 6.817160178103570505e-14 2.188589491244299660e-13 -1.512949126973768991e-13 1.770024851790923814e-13 -7.563267571018840656e-14 -2.428954528341242454e-13 -1.312861743047718883e-13
-7.938205076976207329e-13 -1.655653252000830728e-12 5.383359705069218080e-12 1.933128432945630557e-12 -4.622454787347732423e-12 8.101362480593363334e-12 -1.732687144624525119e-11 1.515307857983005126e-11
-8.598049064310860491e-13 -1.822464340482443290e-12 5.596975259209334501e-12 1.492340264433700916e-12 -4.679368037039360727e-12 7.081683135369852368e-12 -8.498506090049847718e-12 7.918196067213251376e-12
-8.680402177047569580e-13 -1.889118983974223977e-12 4.680461975827307800e-12 9.133655162778701820e-13 -3.092986682223437326e-12 6.033772040634595289e-12 -1.895785269020255656e-12 2.862926091515325295e-12
-8.403250338520937934e-13 -1.859329566259911169e-12 3.003253978848985313e-12 2.951128337315129189e-13 -5.693831831050875887e-13 4.884233856256721332e-12 2.403666434373311769e-12 7.646479498733290893e-13
-8.068657269019721981e-13 -1.754110522602344682e-12 1.645677997472659668e-12 -1.028982661996556514e-13 1.226306516377837311e-12 4.217290406680850157e-12 4.262995649764741255e-12 -1.328907260363178891e-12
-7.687217754349951140e-13 -1.572348069045217808e-12 7.231520389317153125e-13 -3.679475441385501780e-13 2.129098067255830885e-12 3.685620462942622069e-12 4.011081098217516797e-12 -1.899408367974056470e-12
-7.183309342604030360e-13 -1.319792552093770463e-12 1.976414616865299567e-13 -5.341860455327081189e-13 2.065536159141951158e-12 3.353034161171441591e-12 2.584357228984698768e-12 -1.895919478007859699e-12
-6.394874208016532447e-13 -9.949866168431780933e-13 -1.000727082370452061e-13 -7.050053602203111240e-13 1.601023227821358601e-12 2.820972389410636975e-12 8.381738881301025844e-13 -1.364106949772854494e-12
-5.393557165647217929e-13 -6.486430041897602410e-13 -2.264883814554537128e-13 -8.560034966855537151e-13 9.226054505568561733e-13 2.026313390609092439e-12 1.941349847204020040e-13 -1.676398781365297698e-12
-4.242896556513446985e-13 -3.311789362601377995e-13 -1.904321736194141974e-13 -9.624770660404655757e-13 2.900173313390920921e-13 1.159102229563671409e-12 -5.640015061616528354e-14 -8.931901997035021664e-13
-3.105925569129769344e-13 -8.770711205703467052e-14 -7.705371292814315649e-14 -9.432094196810479659e-13 -6.869435466431784953e-14 3.522160960303442946e-13 6.636895179065051857e-13 -4.498745310956550054e-13
-2.104820367296612132e-13 6.096689462498806069e-14 7.418967971746240313e-14 -7.569562443420384587e-13 -1.180064848137859270e-13 -3.024190380195865043e-14 6.995028360617905205e-13 5.046915256955104783e-13
-1.314859631344617368e-13 1.198595309283827350e-13 1.847775461916655041e-13 -4.824847306234317743e-13 6.335144194205527164e-14 -1.570360557568069143e-13 4.141699168491920595e-13 4.047606270364937186e-13
-7.471396371364750254e-14 1.138241544316259743e-13 2.438782651175669775e-13 -2.575820346932615394e-13 1.983221125160371154e-13 -1.056512583710310053e-13 2.151285197875714228e-13 2.477003110801205713e-13
-3.778775761555860479e-14 7.553688169154499095e-14 2.367813893859934253e-13 -1.636899632307002337e-13 2.026305620967962908e-13 -7.929171014467050499e-14 -2.190056445549614198e-13 -1.320054471375679543e-13
-8.114585624834347145e-13 -1.690326878394535311e-12 5.544592721903781646e-12 2.006626494655123906e-12 -4.791194934192855097e-12 8.359875195178696792e-12 -1.823013408057069501e-11 1.603830991318314950e-11
-8.830040327174737188e-13 -1.868793378015579906e-12 5.841331428696635145e-12 1.564261712418016647e-12 -4.963751686280293402e-12 7.336359335509735263e-12 -8.991981867053706099e-12 8.384493964411955503e-12
-8.932868866891660435e-13 -1.943060615833706650e-12 4.936973298317056213e-12 9.693725144073118596e-13 -3.374278284531580641e-12 6.244483448745706654e-12 -2.060868735751553403e-12 2.959100064568287794e-12
-8.633064232107275962e-13 -1.914147404515671851e-12 3.154090121673259325e-12 3.146712009825081550e-13 -6.790259947525147258e-13 5.025525001130053354e-12 2.456575134668370164e-12 8.274834908918324104e-13
-8.282043578065249392e-13 -1.809168779186900034e-12 1.703925518661953963e-12 -1.085395556545835092e-13 1.267753550452008317e-12 4.316519157188850385e-12 4.491661599564932060e-12 -1.316464462509157731e-12
-7.899982485543084794e-13 -1.625682780459486133e-12 7.336319067754338341e-13 -3.798923006942412425e-13 2.245246764769360013e-12 3.763971943526744313e-12 4.260201062158023996e-12 -1.897648498602129428e-12
-7.402646139836080590e-13 -1.369673645115676244e-12 1.921810155875236046e-13 -5.434615811573197162e-13 2.187840815746226451e-12 3.441607129704264466e-12 2.777993946828153947e-12 -1.914524161411742712e-12
-6.609863322156938805e-13 -1.037266495340877009e-12 -1.161366389344227411e-13 -7.140490244478891664e-13 1.702477836390769575e-12 2.925927457921665152e-12 9.036308477709568050e-13 -1.366983490448123898e-12
-5.588845313439014867e-13 -6.788323915169688001e-13 -2.490473716057337088e-13 -8.683323716699301452e-13 9.879992382970727274e-13 2.125706259482006998e-12 1.754506321098156095e-13 -1.728191507434554738e-12
-4.403038225490581790e-13 -3.474249362289301790e-13 -2.126625674916370722e-13 -9.823741217135423011e-13 3.120458907425852274e-13 1.233527949848633343e-12 -1.181914366316182260e-13 -9.393881422626105510e-13
-3.223672177310276655e-13 -9.208953206136206713e-14 -9.179693296082048550e-14 -9.733659178697909591e-13 -8.030789802410762753e-14 3.884190333049108362e-13 6.478006887186996957e-13 -5.011733221393780847e-13
-2.181262225713806744e-13 6.406860046130615302e-14 7.070437851794058553e-14 -7.888110421300384065e-13 -1.393589990571520094e-13 -2.242579603807792620e-14 7.249147310783503221e-13 5.026025189490805620e-13
-1.358302707347094559e-13 1.262963440159695779e-13 1.896574236710636130e-13 -5.043595737023000726e-13 5.670017949048893439e-14 -1.640418492023474820e-13 4.543871492272657504e-13 4.020614547177282280e-13
-7.671114456211586804e-14 1.202842746864456499e-13 2.538699526831381618e-13 -2.675901501343383517e-13 2.075635683649593563e-13 -1.115190059311214147e-13 2.440634712009531239e-13 2.565299889743989157e-13
-3.836957789074131800e-14 7.980353629127808457e-14 2.469291548270326625e-13 -1.708456697173306738e-13 2.169573530983166885e-13 -8.115129237146784225e-14 -2.055448861592265800e-13 -1.321826691616883805e-13
-8.237047240279648507e-13 -1.714392077461451118e-12 5.656406633265534212e-12 2.057660079662289605e-12 -4.908216789301929787e-12 8.539531924619076023e-12 -1.885773914190608485e-11 1.665270729416715297e-11
-8.991100650436461466e-13 -1.900950930512739156e-12 6.010861523905981916e-12 1.614200160066143853e-12 -5.161037081122872397e-12 7.513330278949019226e-12 -9.335335389116189189e-12 8.708304015635707059e-12
-9.108140180661632959e-13 -1.980504296526122894e-12 5.114951214561306241e-12 1.008257285379772549e-12 -3.569410605118591386e-12 6.390905708414570936e-12 -2.176438455380332759e-12 3.026398303038086500e-12
-8.792668836285474163e-13 -1.952207897117572246e-12 3.258796336580293212e-12 3.282657166171784812e-13 -7.551518777428620875e-13 5.123820708367887790e-12 2.492398794403527283e-12 8.719481464098229626e-13
-8.430364837941342258e-13 -1.847417027258957266e-12 1.744645929434244767e-12 -1.123886923910876357e-13 1.296112964147867081e-12 4.385688624636197727e-12 4.649754933040385859e-12 -1.307539599216303997e-12
-8.047914537948126086e-13 -1.662742849440448738e-12 7.412615893346573378e-13 -3.881150777534431839e-13 2.325361269634070105e-12 3.818644093372509699e-12 4.432576225194374037e-12 -1.896270614537332022e-12
-7.555124208667900858e-13 -1.404343606753297916e-12 1.886792801237629997e-13 -5.498694105984458884e-13 2.272348046465781765e-12 3.503341375469360253e-12 2.912179447933609027e-12 -1.927409245656265521e-12
-6.759300976532710183e-13 -1.066660608306673489e-12 -1.270958348892242718e-13 -7.203175254970783860e-13 1.772693814109621146e-12 2.998927725127652715e-12 9.490277513013115730e-13 -1.368952539874188081e-12
-5.724604410254364161e-13 -6.998353275489063706e-13 -2.645752909730378353e-13 -8.768956422031019150e-13 1.033302786043901046e-12 2.194768715136419302e-12 1.625812465720943385e-13 -1.764175446876689256e-12
-4.514407578375841877e-13 -3.587506612159815704e-13 -2.280084154443916958e-13 -9.961988815144238495e-13 3.273287168801569098e-13 1.285222195184350271e-12 -1.609459024451702425e-13 -9.713998644700099967e-13
-3.305625571316106200e-13 -9.517790103826257851e-14 -1.019842229499479761e-13 -9.943106458230260897e-13 -8.832686446428361615e-14 4.135448828427467339e-13 6.368452199568782475e-13 -5.366907940890960500e-13
-2.234548584597376780e-13 6.618255399919142018e-14 6.829958877279277565e-14 -8.109246163192999650e-13 -1.541200897382082162e-13 -1.701359935763710947e-14 7.425980863545359922e-13 5.011427432295921129e-13
-1.388670942784087020e-13 1.307392008933549847e-13 1.930387452029299578e-13 -5.195428636727905080e-13 5.211274243346684645e-14 -1.689037582192973082e-13 4.822897241713218397e-13 4.001521546385697204e-13
-7.811557884279816551e-14 1.247576611255245583e-13 2.607880218186019853e-13 -2.745325841811860592e-13 2.139765955490777866e-13 -1.155761629537652927e-13 2.641262780662550593e-13 2.626429603125991991e-13
-3.878756056094982818e-14 8.276447118513295878e-14 2.539578526159993103e-13 -1.758087522222086951e-13 2.268901635240297301e-13 -8.243162647528722443e-14 -1.961569598802341642e-13 -1.323305752741929866e-13
-8.332720797932408662e-13 -1.733193044597767786e-12 5.743760964284121452e-12 2.097530284567483992e-12 -4.999639951079596171e-12 8.679890265378486987e-12 -1.934805920847286332e-11 1.713270541238418400e-11
-9.116929587311094821e-13 -1.926074080273021971e-12 6.143306932991606210e-12 1.653214824495107149e-12 -5.315166450331052211e-12 7.651590370470850436e-12 -9.603584002891581534e-12 8.961280198240654363e-12
-9.245071483702377413e-13 -2.009757264914893765e-12 5.253996657371071580e-12 1.038636219996470451e-12 -3.721857898794946538e-12 6.505299378307572355e-12 -2.266731514862627395e-12 3.078975482514575272e-12
-8.917360485129437649e-13 -1.981942756493777266e-12 3.340597987270039117e-12 3.388865088222435101e-13 -8.146249745748508348e-13 5.200615310059004379e-12 2.520381591324485231e-12 9.066896075039606951e-13
-8.546241977038584472e-13 -1.877298672726021255e-12 1.776459795431959863e-12 -1.153955861834304992e-13 1.318267360548594186e-12 4.439728874156529284e-12 4.773262552045161713e-12 -1.300565280308268487e-12
-8.163487917056170177e-13 -1.691696285069617777e-12 7.472240163596879629e-13 -3.945387839424004008e-13 2.387948430202111041e-12 3.861358268344120111e-12 4.567242028372181291e-12 -1.895193640524853496e-12
-7.674249277875060620e-13 -1.431429813861383165e-12 1.859452741528096128e-13 -5.548752678315864243e-13 2.338367113613401069e-12 3.551572719105766561e-12 3.017010627922426926e-12 -1.937475713312483908e-12
-6.876050615883896243e-13 -1.089625068551256785e-12 -1.356564534643432700e-13 -7.252146827681046994e-13 1.827548585186505291e-12 3.055960466225552110e-12 9.844934813463828676e-13 -1.370491017027043502e-12
-5.830667560255613268e-13 -7.162441520936415459e-13 -2.767056677406585687e-13 -8.835856579398100250e-13 1.068695503872727662e-12 2.248724487363645153e-12 1.525271020946711963e-13 -1.792288261501342016e-12
-4.601416168523986232e-13 -3.675991355807148226e-13 -2.399968458448324101e-13 -1.006999501048814696e-12 3.392681471439134363e-13 1.325608662984704088e-12 -1.943478624692240525e-13 -9.964086932334778560e-13
-3.369652905202252209e-13 -9.759092326182469680e-14 -1.099427183306640988e-13 -1.010673811828187932e-12 -9.459169319238811268e-14 4.331745262667708635e-13 6.282867450066644391e-13 -5.644388864738374460e-13
-2.276179761354800112e-13 6.783388712008507750e-14 6.642100480577594317e-14 -8.282009238829013411e-13 -1.656520160790053123e-13 -1.278550776128144712e-14 7.564134387676930328e-13 5.000026179387175597e-13
-1.412397264386376355e-13 1.342100456775669965e-13 1.956804545381595331e-13 -5.314048414653627988e-13 4.852899100099043808e-14 -1.727022973316810942e-13 5.040888962157800619e-13 3.986603895407657046e-13
-7.921289141672045688e-14 1.282524311314058057e-13 2.661927303340591930e-13 -2.799563238796944771e-13 2.189868443270219693e-13 -1.187458483347460334e-13 2.798003117396077676e-13 2.674187714567272511e-13
-3.911418805306008475e-14 8.507769586518122296e-14 2.594489645235669372e-13 -1.796860950316351068e-13 2.346501849634156358e-13 -8.343185236072285397e-14 -1.888225039634539051e-13 -1.324460283127677628e-13
-8.418549567032182615e-13 -1.750059396915569283e-12 5.822126570108117263e-12 2.133297846576323455e-12 -5.081655717780331600e-12 8.805805729654039197e-12 -1.978792519968086473e-11 1.756331155072068989e-11
-9.229810723268989911e-13 -1.948612060528760436e-12 6.262123687996541503e-12 1.688214866968310633e-12 -5.453435865767297453e-12 7.775623468615319936e-12 -9.844229692013841572e-12 9.188225048445208104e-12
-9.367912545563267013e-13 -2.036000103914721778e-12 5.378734279245908883e-12 1.065889145267775173e-12 -3.858618287384588303e-12 6.607921902100175492e-12 -2.347733289425463222e-12 3.126142456350449787e-12
-9.029221362535833874e-13 -2.008617901048033774e-12 3.413982217617397313e-12 3.484144109923857343e-13 -8.679782290837122155e-13 5.269507721707390739e-12 2.545485088796543696e-12 9.378561408670802809e-13
-8.650195367345573527e-13 -1.904105499600707114e-12 1.804999997562060318e-12 -1.180930652245032522e-13 1.338142108918509693e-12 4.488208381402357128e-12 4.884061278917092405e-12 -1.294308651188635511e-12
-8.267168806351232407e-13 -1.717670412822273814e-12 7.525728983573927278e-13 -4.003014803198063889e-13 2.444095388980655133e-12 3.899677168751940705e-12 4.688050668405198753e-12 -1.894227493402513930e-12
-7.781116382779631032e-13 -1.455728847777539007e-12 1.834925893205062248e-13 -5.593660132303384715e-13 2.397592816962784498e-12 3.594841075231582574e-12 3.111054601066583955e-12 -1.946506381827696482e-12
-6.980786712499307827e-13 -1.110226481045397395e-12 -1.433361893581163163e-13 -7.296079235797079387e-13 1.876758781827494928e-12 3.107124543581357129e-12 1.016309726251883918e-12 -1.371871228276343247e-12
-5.925816798662279573e-13 -7.309645031395480813e-13 -2.875878289280393966e-13 -8.895872840948299244e-13 1.100446285069663287e-12 2.297128195655618038e-12 1.435075280561362782e-13 -1.817508288334544477e-12
-4.679471556954444803e-13 -3.755370966290803990e-13 -2.507516627094302942e-13 -1.016688746941286698e-12 3.499789943748304080e-13 1.361839340995907407e-12 -2.243127359794028469e-13 -1.018844112734145104e-12
-3.427091808601296357e-13 -9.975564107963444007e-14 -1.170822798149837040e-13 -1.025353209851894264e-12 -1.002118709949489746e-13 4.507842631624570252e-13 6.206089683259091130e-13 -5.893316823223588194e-13
-2.313527075203245674e-13 6.931530044548870049e-14 6.473573086874118380e-14 -8.436994972976330928e-13 -1.759972997775244011e-13 -8.992493568571739385e-15 7.688072089615717950e-13 4.989798338490595083e-13
-1.433682136898564497e-13 1.373237406935977065e-13 1.980503342163318147e-13 -5.420462188541277572e-13 4.531401266886893440e-14 -1.761099687050648177e-13 5.236449389448312879e-13 3.973221357308945152e-13
-8.019728988661617367e-14 1.313875883647942622e-13 2.710412944686421003e-13 -2.848219591418408501e-13 2.234815389701712176e-13 -1.215893727921558971e-13 2.938614742380813480e-13 2.717031516696503282e-13
-3.940720527039090829e-14 8.715288874570147670e-14 2.643750401927797477e-13 -1.831644581744494495e-13 2.416116978191588020e-13 -8.432915596108626715e-14 -1.822427754147547411e-13 -1.325496027083303329e-13
-8.509134639394851431e-13 -1.767838214321579387e-12 5.905486803263550920e-12 2.171393521829092095e-12 -5.169237149648182339e-12 8.939452145685958130e-12 -2.025707652784861734e-11 1.802288852943472743e-11
-9.349314204278281803e-13 -1.972452977214763814e-12 6.388817151056543705e-12 1.725546948269804033e-12 -5.601330347381096223e-12 7.907426819429437939e-12 -1.010091550627321293e-11 9.430467574378655808e-12
-9.498079715746566058e-13 -2.063814518006477166e-12 5.511899379418746339e-12 1.094987240522495525e-12 -4.005055068955567793e-12 6.716870764757533280e-12 -2.433893504108550206e-12 3.175947698977088884e-12
-9.147614244250576204e-13 -2.036901089221777007e-12 3.492171135370661310e-12 3.585727320672419419e-13 -9.250691974212997388e-13 5.342378261875842456e-12 2.572434496501256178e-12 9.711470921664662111e-13
-8.760171711709305808e-13 -1.932557097637134689e-12 1.835221403170614721e-12 -1.209867065302430405e-13 1.359480903660703647e-12 4.539300712246934696e-12 5.002763969988754716e-12 -1.287361755314048250e-12
-8.376962914849267809e-13 -1.745268688457133942e-12 7.580533435771150087e-13 -4.064092113893841954e-13 2.504237658486654674e-12 3.940032837175661741e-12 4.817347595250398892e-12 -1.892761415418383383e-12
-7.894469039715107724e-13 -1.481575724445162333e-12 1.807162640161036450e-13 -5.640456651418278976e-13 2.460995521868996129e-12 3.640638054789562963e-12 3.211563145639775390e-12 -1.955760528862965408e-12
-7.092019702836342276e-13 -1.132159284821734061e-12 -1.516488482175108079e-13 -7.341561442017058128e-13 1.929402638026050262e-12 3.161558065552427124e-12 1.050153600206269867e-12 -1.373042311696469055e-12
-6.026942797115549074e-13 -7.466407239599324123e-13 -2.992920245670092061e-13 -8.958445020275081552e-13 1.134390012808763726e-12 2.348756381926085968e-12 1.336011068230691417e-13 -1.844370071582077379e-12
-4.762440847783707416e-13 -3.839834832286354485e-13 -2.623047142538456449e-13 -1.026920604472740231e-12 3.613880117658507024e-13 1.400536607512592521e-12 -2.565570442165373671e-13 -1.042824586181401418e-12
-3.488117950611687959e-13 -1.020443184052771815e-13 -1.247534441027341857e-13 -1.040955999312915382e-12 -1.062838621385524890e-13 4.696168379313678881e-13 6.122562782432599993e-13 -6.160107185163068644e-13
-2.353155293871599742e-13 7.091394101195835010e-14 6.290797932856387204e-14 -8.602074163015913819e-13 -1.871073790065204047e-13 -4.930328483196492851e-15 7.820384605503435649e-13 4.978293657357563210e-13
-1.456211963539845581e-13 1.406580240857201814e-13 2.005673017903979825e-13 -5.533869128354900602e-13 4.185260906089820340e-14 -1.797446306428488469e-13 5.446369620255503781e-13 3.958681265321168518e-13
-8.123350617429578585e-14 1.347387091624903905e-13 2.762114642271521371e-13 -2.900009634218694439e-13 2.282821546903725084e-13 -1.246351420738681433e-13 3.089798264483707980e-13 2.763027163317332871e-13
-3.970949221114333426e-14 8.936761114929348796e-14 2.696267699792576753e-13 -1.868699077940817137e-13 2.490597826796772067e-13 -8.528487692798481504e-14 -1.751301164561861812e-13 -1.326190117496156956e-13
-1.040289530542149617e-12 -2.078661752254283002e-12 6.301455744428226566e-12 3.163596450177928590e-12 -4.968922752071217610e-12 1.388920532149855343e-11 -4.392172258671409103e-11 3.620227266070866093e-11
-1.215809626996058542e-12 -2.466250590438172045e-12 8.356936244023210915e-12 2.761285677172858236e-12 -7.621457185153279022e-12 1.296736788782180830e-11 -2.963851165446126862e-11 2.591214769705028029e-11
-1.342015461984426742e-12 -2.788381142061497716e-12 9.379905520296422034e-12 2.207218460878460923e-12 -8.647200472557100604e-12 1.191331873854293505e-11 -1.609943256874232138e-11 1.437935763924575911e-11
-1.378026096516921070e-12 -2.953868024813749344e-12 8.309396539370240154e-12 1.337818437776774063e-12 -6.627681024090903944e-12 1.011221200982935342e-11 -5.452692863395315071e-12 6.855037171508760456e-12
-1.352665890507939485e-12 -2.965813436424570113e-12 6.010721657963792220e-12 4.370196967467903034e-13 -3.050986248029066055e-12 8.515187209354174167e-12 1.959594947239497724e-12 1.600498178435889204e-12
-1.305331316622149169e-12 -2.843951526022422183e-12 3.677906232716663192e-12 -2.894803939435510944e-13 3.245625059372611203e-13 7.058199454792842434e-12 5.594681096422582363e-12 -4.154071120325503537e-13
-1.255113798095042291e-12 -2.595337827552945218e-12 2.011154806581359058e-12 -6.846566923344494555e-13 2.144843354935106444e-12 6.076619239368513333e-12 6.095419994636285745e-12 -1.324041545051127601e-12
-1.180039695713079240e-12 -2.214165933393464396e-12 9.166145077981681226e-13 -9.614672876548517962e-13 2.685516997940047580e-12 5.273490663863054667e-12 4.033880916733290145e-12 -1.065770455067402610e-12
-1.072019774815896557e-12 -1.725922529912345176e-12 2.095457668668936307e-13 -1.175033675887545606e-12 2.292276585287847272e-12 4.313268509903965750e-12 2.255280285047007024e-12 -1.781807110277602587e-12
-9.229135712511342573e-13 -1.168583328847397526e-12 -1.651399425045041542e-13 -1.342193181609670063e-12 1.413378548601648299e-12 3.029198472327471514e-12 1.731908610047797472e-13 -9.345219507823654929e-13
-7.484520799173198401e-13 -6.366093843132975957e-13 -2.721180911506176567e-13 -1.414762025551016469e-12 4.911865373264905571e-13 1.595423397651246324e-12 2.232270519516087726e-13 -1.051835812429130347e-12
-5.673958565278870623e-13 -2.142364166767007808e-13 -1.163235087514829869e-13 -1.342619045119273752e-12 -1.598508114187172782e-13 6.204048868385541473e-13 4.385438424312834793e-13 3.347951560418203675e-13
-3.999640345799063305e-13 5.400958020185982623e-14 9.632238895600256949e-14 -9.942420797456046431e-13 -1.807580999344550928e-13 6.764698861715396362e-14 4.134356830503090595e-13 4.629714122114015137e-13
-2.608791501066743499e-13 1.754415213614065694e-13 2.783028160135627363e-13 -5.338048319048620580e-13 1.190503493129890476e-13 -3.043767637660459068e-14 5.519029116551920859e-13 1.073312857122943411e-13
-1.548741637291247370e-13 1.829313783546202155e-13 3.468850237795386825e-13 -2.590134544725612770e-13 3.508969936479491976e-13 4.050902021801307281e-14 -1.653275353390166561e-13 -8.394793781178921415e-14
-1.101183746265147766e-12 -2.173870683758947138e-12 6.289656043012360496e-12 3.487459794033228830e-12 -4.690574426756546309e-12 1.565262717341396933e-11 -5.261713497854997447e-11 4.257548461172859479e-11
-1.306248902938351305e-12 -2.621527426976049429e-12 8.864645825730548923e-12 3.096405981587136717e-12 -8.066014641161474319e-12 1.475179374707603027e-11 -3.718564276620556987e-11 3.219083422370127482e-11
-1.474689731869330982e-12 -3.026492708237674732e-12 1.060366043609056454e-11 2.584311998788438760e-12 -1.011691033074247577e-11 1.381086443118004822e-11 -2.164297103833549969e-11 1.917679704597780474e-11
-1.547303995318728204e-12 -3.276923457297561553e-12 1.015511195820458260e-11 1.726905010664391212e-12 -8.889523819757557134e-12 1.196449329994473635e-11 -8.824705184159636999e-12 9.195611497721656503e-12
-1.529052755598859424e-12 -3.333672467970343380e-12 7.705566572800952351e-12 6.846485955459727001e-13 -4.974032282305147495e-12 1.007850176359094109e-11 3.376022508619940734e-13 2.783999486915167513e-12
-1.477449630844406365e-12 -3.240750033632299266e-12 4.900019087687794066e-12 -2.243718130826183267e-13 -7.537592107012594689e-13 8.291138156377778095e-12 5.594264504383933460e-12 1.594539569932045682e-13
-1.424277514585936089e-12 -2.999967551605371765e-12 2.782535429395028861e-12 -7.273763428220622722e-13 1.851733904265681215e-12 7.000960248639638708e-12 7.007152717011724209e-12 -1.040550742950472654e-12
-1.350972582266415468e-12 -2.612580619235537970e-12 1.382742438267450151e-12 -1.053179205064517409e-12 2.870982367131308823e-12 6.019984854767241329e-12 5.202688103214600395e-12 -9.677434132115306505e-13
-1.244194134200598011e-12 -2.096011188693599764e-12 4.511373870972248285e-13 -1.286339014670899152e-12 2.690276320753264855e-12 4.994109623923155637e-12 3.170810051971644691e-12 -1.660437351892776272e-12
-1.089989464429654421e-12 -1.476572334976688343e-12 -9.262120592394685224e-14 -1.458947171691258711e-12 1.829428143705100561e-12 3.597735779359131524e-12 4.905712623513281392e-13 -8.501098155649288294e-13
-9.013308898782234903e-13 -8.555778995861989353e-13 -3.142350452880865088e-13 -1.536541410898439435e-12 7.689867448093205679e-13 2.006846836654136605e-12 1.073834638137776579e-13 -1.133516199282549488e-12
-6.974016725565801568e-13 -3.380386626879036150e-13 -1.879933437783818788e-13 -1.502080180770414677e-12 -1.105581730958367095e-13 8.738547179306066741e-13 2.548968542943382944e-13 2.860746741712615419e-13
-5.014436364872683080e-13 9.685136508708365768e-15 4.333716765411643884e-14 -1.148857174642326577e-12 -2.623579815589587753e-13 1.891019615715862119e-13 2.682712405086313148e-13 5.356323101763892088e-13
-3.340029801875679842e-13 1.839129790830883801e-13 2.647744650324834133e-13 -6.257503463120645492e-13 5.852922402821594391e-14 2.258941213446469239e-14 6.106760947047910397e-13 4.384762282288815805e-14
-2.026755593360928622e-13 2.163351166853765776e-13 3.661302157211113283e-13 -2.821420212340819460e-13 3.680685996045966766e-13 9.549986130628679844e-14 -1.901076562864722025e-13 -5.919604657922375276e-14
-1.135469679077863521e-12 -2.229108636468573228e-12 6.306966230216880677e-12 3.669354128524631806e-12 -4.558058138652495038e-12 1.661496692274768582e-11 -5.743922634120575673e-11 4.621904949245303064e-11
-1.357516391251833360e-12 -2.710847943701681151e-12 9.177039393796590802e-12 3.285097438310841314e-12 -8.349869905959338497e-12 1.573028056249620359e-11 -4.130998702417880883e-11 3.572844313757668765e-11
-1.549752097720024403e-12 -3.162346065879373185e-12 1.131897859557276084e-11 2.797277260326918585e-12 -1.097908675497861589e-11 1.485393051749780364e-11 -2.459913900945136079e-11 2.177957545335679927e-11
-1.641681817835211316e-12 -3.458511874878315435e-12 1.119229108804574734e-11 1.941790700677768640e-12 -1.015652573122575600e-11 1.297153429724973939e-11 -1.056632068201311041e-11 1.040023866652415871e-11
-1.625449839398874292e-12 -3.537484598843252757e-12 8.614641351949187002e-12 8.122748471042391948e-13 -5.985589267722114519e-12 1.090683138542498783e-11 -4.432342115850199299e-13 3.390302675722085592e-12
-1.570730806718063637e-12 -3.458875990621803468e-12 5.525751260363632674e-12 -1.999222371179631954e-13 -1.267727245851485784e-12 8.934931342974417549e-12 5.691718770854846494e-12 4.661763826957827363e-13
-1.515916667553082338e-12 -3.221234043441683481e-12 3.161341479524244954e-12 -7.591712786828497328e-13 1.765364492124300332e-12 7.479865634505308935e-12 7.577013362717983665e-12 -8.878698647775147443e-13
-1.443941142602534144e-12 -2.829559759865727598e-12 1.604658209982749576e-12 -1.107079070294990451e-12 3.025390168012949149e-12 6.411662789581521008e-12 5.872807803440127276e-12 -9.043783875486184773e-13
-1.337972138757761872e-12 -2.296599172708322828e-12 5.597691819756327608e-13 -1.348614628514813298e-12 2.937281244694880469e-12 5.365172159828723897e-12 3.670486664872264065e-12 -1.595012043074061218e-12
-1.180689168309895299e-12 -1.641638657215827970e-12 -6.979434611894100011e-14 -1.523390599990239408e-12 2.068829584738537845e-12 3.914736606245550469e-12 6.502305246380309815e-13 -8.181935643371968242e-13
-9.837191623849129376e-13 -9.704205911265390899e-13 -3.481672679037923232e-13 -1.604367029381883129e-12 9.186549852988572234e-13 2.239013482680790177e-12 2.305168950253126114e-14 -1.189096533598709343e-12
-7.667004176528665853e-13 -4.005939680702182182e-13 -2.319395976706576185e-13 -1.592431815556665561e-12 -9.303653167927503687e-14 1.019558162867838190e-12 1.499790794814778114e-13 2.481437645380067671e-13
-5.548001981973468926e-13 -1.023538595433660189e-14 1.397408593193660677e-14 -1.236483829044487069e-12 -3.138129882809383796e-13 2.582853941197610123e-13 1.905817733403527975e-13 5.727167312231886635e-13
-3.718544281697481360e-13 1.911720619674667726e-13 2.599406722310768030e-13 -6.783269621846428057e-13 2.499730242600723624e-14 5.058045875034818914e-14 6.493856091005072148e-13 3.903717321129866489e-15
-2.269345041389474307e-13 2.355076822787629704e-13 3.797776718267343267e-13 -2.971968588420440986e-13 3.803106029814064307e-13 1.245339880511787100e-13 -2.037162318641151484e-13 -4.935476748403243524e-14
-1.159281738618043930e-12 -2.267434038671637594e-12 6.318490685995031776e-12 3.795678770769593105e-12 -4.465594570830264901e-12 1.728393839230664460e-11 -6.078895644812091816e-11 4.874750984963732176e-11
-1.393114596874800310e-12 -2.772837482064317799e-12 9.393469761218972107e-12 3.416149006196186581e-12 -8.546392730957785988e-12 1.641039131237784451e-11 -4.417603450365656937e-11 3.818386759109858743e-11
-1.601864350213380578e-12 -3.256651791765117807e-12 1.181524109255510981e-11 2.945141311251776438e-12 -1.157701582536036710e-11 1.557858448358074900e-11 -2.665572858600703588e-11 2.358808727118951613e-11
-1.707195589661045613e-12 -3.584544183824402739e-12 1.191151000570050711e-11 2.090866361941536639e-12 -1.103501939505530213e-11 1.367118677904014296e-11 -1.178033719176966222e-11 1.124309528336294839e-11
-1.692473985085694291e-12 -3.679119407535090552e-12 9.247346152155432314e-12 9.012460547991977729e-13 -6.690235273709193615e-12 1.148348521195399823e-11 -9.876905632375853267e-13 3.811905257684148165e-12
-1.635588375691196009e-12 -3.610440604903311046e-12 5.961762847368713696e-12 -1.826194760942057711e-13 -1.626953897884215860e-12 9.383121951783499974e-12 5.756412343283043665e-12 6.797840119180434528e-13
-1.579626482008836625e-12 -3.375026174159785458e-12 3.425591100588651669e-12 -7.811173717237217777e-13 1.703689733463765167e-12 7.813342809964085895e-12 7.972110373157171104e-12 -7.819617040727343168e-13
-1.508564139086556600e-12 -2.980383728320564299e-12 1.759528529726512073e-12 -1.144462134023429936e-12 3.131644620325916607e-12 6.684198123433293123e-12 6.337719792637097816e-12 -8.606792222573166583e-13
-1.403153931244021905e-12 -2.436044771932786943e-12 6.357479217308566133e-13 -1.391890924363324139e-12 3.108389503364865274e-12 5.623039051379383949e-12 4.018048172185164542e-12 -1.549992461818581849e-12
-1.243736225975755813e-12 -1.756424102551204588e-12 -5.361628501266133378e-14 -1.568195672450753399e-12 2.234983165453203255e-12 4.134901163213495326e-12 7.608646109893025264e-13 -7.944104631895691506e-13
-1.041005485891558653e-12 -1.050356431150362035e-12 -3.714999593638283756e-13 -1.651522448642604304e-12 1.022771154096669085e-12 2.400096815936180986e-12 -3.469781437353082828e-14 -1.227941046749732235e-12
-8.149055445393295876e-13 -4.442061585242195336e-13 -2.624030246421766840e-13 -1.655162395644766806e-12 -8.047331975559289791e-14 1.120511587879376761e-12 7.762908221302834790e-14 2.216940891586118341e-13
-5.919373258958638369e-13 -2.418929459898046652e-14 -6.447774547296222850e-15 -1.297304278886627237e-12 -3.493264239865791404e-13 3.062497656646940658e-13 1.368961271910261131e-13 5.981304818635546278e-13
-3.982127059236746975e-13 1.961647644850996712e-13 2.564566077205894605e-13 -7.147781019281376348e-13 1.724808004746632551e-15 7.015929527241195486e-14 6.758240573431470090e-13 -2.327617226666763944e-14
-2.438393464919856654e-13 2.488190009072879075e-13 3.891384256148136482e-13 -3.076171707639831837e-13 3.887884127335036809e-13 1.447994872049378557e-13 -2.130067361811983965e-13 -4.238589057270778996e-14
-1.177887872403390521e-12 -2.297369959874438175e-12 6.327375518117702497e-12 3.894388168709112602e-12 -4.393279910658538423e-12 1.780679825498310990e-11 -6.340615477105196863e-11 5.072232743141740507e-11
-1.420928597686215161e-12 -2.821261967537315419e-12 9.562444489779158813e-12 3.518556495968421359e-12 -8.699832137937160229e-12 1.694196081242378054e-11 -4.641555437286652971e-11 4.010166418162024732e-11
-1.642579528972664121e-12 -3.330325858026668682e-12 1.220285830213923870e-11 3.060680968030651543e-12 -1.204404447350781687e-11 1.614491732521564161e-11 -2.826311301324637828e-11 2.500080018655253849e-11
-1.758380699804268010e-12 -3.683006716676434706e-12 1.247331707137749613e-11 2.207343267692158208e-12 -1.172122874155907362e-11 1.421795897085856431e-11 -1.272965825905664453e-11 1.190195731608603391e-11
-1.744849595137148919e-12 -3.789787190114758450e-12 9.741755359934887103e-12 9.707981345487084302e-13 -7.240927775218917563e-12 1.193427981451405171e-11 -1.413804728321197807e-12 4.141749196536046828e-12
-1.686281484877100357e-12 -3.728883419762162830e-12 6.302766035337998221e-12 -1.690156311836613903e-13 -1.908141546241179490e-12 9.733592853742764027e-12 5.806335261069670796e-12 8.467476028764982949e-13
-1.629426909172920330e-12 -3.495218292506509795e-12 3.632455274496238275e-12 -7.981803006771685098e-13 1.654896343574742174e-12 8.074185326704083421e-12 8.280264377219654559e-12 -6.992204787501602229e-13
-1.559075170390415977e-12 -3.098263009098220427e-12 1.880846369393117711e-12 -1.173630752162898524e-12 3.214203003222231479e-12 6.897401780853476849e-12 6.700683160889782964e-12 -8.265876119971453238e-13
-1.454098696287839483e-12 -2.545032471506460366e-12 6.953218507565951739e-13 -1.425682347312248037e-12 3.241827724575657184e-12 5.824633179209853945e-12 4.289536129432687329e-12 -1.514872387531290642e-12
-1.293012481460615592e-12 -1.846145381305108206e-12 -4.083070213679057091e-14 -1.603193130366267929e-12 2.364677010794756130e-12 4.306943748075515804e-12 8.473330639196195813e-13 -7.758402733140632464e-13
-1.085781629381236000e-12 -1.112853048102306707e-12 -3.896338431707466057e-13 -1.688368899741664159e-12 1.104089833317386174e-12 2.525942086829103241e-12 -7.969870959414839011e-14 -1.258265306603141060e-12
-8.525881379320529739e-13 -4.783208160878769137e-13 -2.861504564997079831e-13 -1.704173870653179425e-12 -7.062600323225275920e-14 1.199326514283622237e-12 2.113169403115964140e-14 2.011664286570721636e-13
-6.209733920242568531e-13 -3.512607069934051379e-14 -2.238203955212432551e-14 -1.344816371249605963e-12 -3.770239984780341511e-13 3.436718039116258612e-13 9.501823744940154056e-14 6.179756661132927130e-13
-4.188262577686630163e-13 2.000451368183042821e-13 2.537313183727031258e-13 -7.432402578508743030e-13 -1.643807320041563534e-14 8.543183703209290554e-14 6.964829243325865653e-13 -4.454678975319131694e-14
-2.570641142564253045e-13 2.592130659099644942e-13 3.964372534951502022e-13 -3.157340555968419795e-13 3.954091180002870678e-13 1.606330414605843985e-13 -2.202530252920408509e-13 -3.691991686159795568e-14
-1.194579458752164034e-12 -2.324225420191773853e-12 6.335345172987783500e-12 3.982940508685717809e-12 -4.328406099838666966e-12 1.827585753265470296e-11 -6.575404231650211398e-11 5.249392863428403596e-11
-1.445880555596170688e-12 -2.864703516645638297e-12 9.714030681843666625e-12 3.610426438090884797e-12 -8.837481923078979578e-12 1.741883361777964149e-11 -4.842462845491347923e-11 4.182211188702139249e-11
-1.679105120781268122e-12 -3.396418803530253268e-12 1.255058862306819173e-11 3.164331768259034095e-12 -1.246301477778188045e-11 1.665297609677969314e-11 -2.970510041586414371e-11 2.626813937960910493e-11
-1.804298858210038835e-12 -3.771337411068960258e-12 1.297731322997476357e-11 2.311834815523167229e-12 -1.233682582815747933e-11 1.470846948206592495e-11 -1.358129973873440969e-11 1.249302110254041973e-11
-1.791835776683231112e-12 -3.889067244417244284e-12 1.018528913628809883e-11 1.033193427572947639e-12 -7.734953235183676711e-12 1.233868915471832921e-11 -1.796078634192847474e-12 4.437656890290298024e-12
-1.731758442099326347e-12 -3.835138673016730071e-12 6.608682731563249248e-12 -1.568108416983706421e-13 -2.160399245876899187e-12 1.004800317412911312e-11 5.851115636657770313e-12 9.965310401259537077e-13
-1.674103086234817025e-12 -3.603042907764336496e-12 3.818036893223855555e-12 -8.134865570011554556e-13 1.611117970816910027e-12 8.308190079267681261e-12 8.556703325841969679e-12 -6.249934831592066011e-13
-1.604388815025839736e-12 -3.204012838507185109e-12 1.989683897621987701e-12 -1.199797374278464545e-12 3.288261194580647307e-12 7.088669440122365706e-12 7.026294453450556144e-12 -7.960046799742131659e-13
-1.499801413868084979e-12 -2.642805662283337694e-12 7.487679742093558820e-13 -1.455996328859487166e-12 3.361531944480689496e-12 6.005484881868665429e-12 4.533086556663996480e-12 -1.483367165035657895e-12
-1.337218364811899024e-12 -1.926634658249794659e-12 -2.935909256544218720e-14 -1.634589185353443026e-12 2.481023560504923869e-12 4.461283690290603513e-12 9.249037645885956835e-13 -7.591815952505793559e-13
-1.125950458424361496e-12 -1.168919082751414506e-12 -4.059006514262872634e-13 -1.721423786607650556e-12 1.177040014586818972e-12 2.638837873306625655e-12 -1.200693427761691982e-13 -1.285467830952227838e-12
-8.863933538632423787e-13 -5.089254079068439858e-13 -3.074535783264869025e-13 -1.748142026273404586e-12 -6.179202703124477569e-14 1.270030827497510163e-12 -2.955183378777978306e-14 1.827519867599414030e-13
-6.470218190993698528e-13 -4.493776375779143644e-14 -3.667630317377491659e-14 -1.387439379744868579e-12 -4.018711247064881330e-13 3.772424235669558374e-13 5.745044722122605615e-14 6.357784866769744538e-13
-4.373188485454055596e-13 2.035259984799796720e-13 2.512865894852984285e-13 -7.687734981767968592e-13 -3.273175834388353572e-14 9.913239685834338294e-14 7.150162591075756767e-13 -6.362898548465127751e-14
-2.689282092238658853e-13 2.685374989496571810e-13 4.029849652538252217e-13 -3.230154556356439352e-13 4.013485717822647784e-13 1.748370994687899090e-13 -2.267539373827620865e-13 -3.201606162518124901e-14
-1.212300559926318720e-12 -2.352642639595285517e-12 6.342778884653086189e-12 4.077508012785205377e-12 -4.257921054975620931e-12 1.877722762781928699e-11 -6.826914263243985544e-11 5.439002303539541326e-11
-1.472428966615851430e-12 -2.910849543918852888e-12 9.875037688312852954e-12 3.708556236249579938e-12 -8.983597014553197285e-12 1.792864289408731125e-11 -5.057906096510672572e-11 4.366693442520716971e-11
-1.718068380301083123e-12 -3.466854652249867222e-12 1.292212912909798149e-11 3.275215576485348721e-12 -1.291118614058227270e-11 1.719658110977935576e-11 -3.125238204410053387e-11 2.762884803036204547e-11
-1.853372032214461059e-12 -3.865673761978979791e-12 1.351750861277731859e-11 2.423919358848487594e-12 -1.299739651111488721e-11 1.523372627863918618e-11 -1.449596046650428343e-11 1.312748370299381931e-11
-1.842071162631240515e-12 -3.995186196059053766e-12 1.066111731287067241e-11 1.100256085522187893e-12 -8.265787452621035472e-12 1.277175986838526164e-11 -2.207744858612545583e-12 4.755587884650308998e-12
-1.780382840294154066e-12 -3.948797132048577507e-12 6.936983633915466808e-12 -1.435669449136236453e-13 -2.431928933654320920e-12 1.038471736213459730e-11 5.897906452384453360e-12 1.157774073642818711e-12
-1.721874418226634323e-12 -3.718434434157532858e-12 4.017199238107715472e-12 -8.297435091009027815e-13 1.563512452696820913e-12 8.558598959513158356e-12 8.852221202355351461e-12 -5.446959404258132229e-13
-1.652860091985874311e-12 -3.317246467827784098e-12 2.106532748525861441e-12 -1.227713170555399475e-12 3.367274104591671092e-12 7.293191181833926526e-12 7.375342339532602173e-12 -7.628478476144881534e-13
-1.548714474513417194e-12 -2.747572699382664484e-12 8.062176478055954825e-13 -1.488349220144065871e-12 3.489709788328406398e-12 6.198969969097324144e-12 4.794515919791703036e-12 -1.449145067984201925e-12
-1.384555514962772092e-12 -2.012946183983387474e-12 -1.696192621404289931e-14 -1.668120045422291808e-12 2.605812585505963256e-12 4.626500547306964519e-12 1.008590257790499080e-12 -7.410197545374679118e-13
-1.168986547712987250e-12 -1.229084257324075934e-12 -4.233261080232118407e-13 -1.756683222222387872e-12 1.255433283565975972e-12 2.759827031515160730e-12 -1.633530953152518248e-13 -1.314317484392288054e-12
-9.226274465741959701e-13 -5.417954134959661006e-13 -3.303492011790319569e-13 -1.795107190868272996e-12 -5.218118031533101664e-14 1.345932824358116040e-12 -8.417235309235618256e-14 1.630288716869682184e-13
-6.749511359510583770e-13 -5.550407230308231211e-14 -5.208436649887291672e-14 -1.433047312328469783e-12 -4.285273598063653322e-13 4.133936048997602091e-13 1.683148404660681774e-14 6.550849745384208143e-13
-4.571529865524992766e-13 2.072258759022168178e-13 2.485830212501401363e-13 -7.961295393524000949e-13 -5.030717647577313750e-14 1.138962920250141967e-13 7.348411052074372468e-13 -8.407737608636710366e-14
-2.816564007734001658e-13 2.785220921539696046e-13 4.099426295182537893e-13 -3.307849038853890428e-13 4.076221796151930145e-13 1.901060716060072303e-13 -2.338067079617250266e-13 -2.668551161330611263e-14
-1.179980089002329464e-12 -2.265481444659218493e-12 5.764831100091128821e-12 3.921765096361852627e-12 -3.748192133495211151e-12 1.860588800132003693e-11 -6.622731166064284604e-11 5.053543666754996297e-11
-1.418373879161873786e-12 -2.790716178176120572e-12 9.017896353118673351e-12 3.535358376698162886e-12 -7.945519815441753695e-12 1.762780569486445374e-11 -5.034199584702280026e-11 4.134929640900114583e-11
-1.643735932262306598e-12 -3.308599593331399986e-12 1.173641728979597533e-11 3.068743911807904227e-12 -1.138845097461554253e-11 1.682204212720767568e-11 -3.280223869937770395e-11 2.832529796810031982e-11
-1.799496267480568387e-12 -3.723620017673348956e-12 1.279097980534752271e-11 2.350291787627008875e-12 -1.226174348659643141e-11 1.526824210334198979e-11 -1.659481844007556343e-11 1.506906457148860843e-11
-1.828572098589034805e-12 -3.904148504007444117e-12 1.107344783201608557e-11 1.276390431098231162e-12 -9.206049171328757028e-12 1.319212176031877313e-11 -4.424117692052266739e-12 5.420056872394835498e-12
-1.783075541185152799e-12 -3.883899781285099555e-12 7.816388828112627842e-12 1.002122282778544680e-13 -4.098855920296461443e-12 1.092242434040057859e-11 3.623335961474259568e-12 1.421262739994247733e-12
-1.718724142846749205e-12 -3.678865204632734588e-12 4.822845948773463088e-12 -6.857253882454484738e-13 5.584293459922188690e-14 9.048232240932332423e-12 7.347941087088364667e-12 -4.968633661264471356e-13
-1.641048627542136022e-12 -3.291608122410332242e-12 2.686797958972602436e-12 -1.157570401800852885e-12 2.375959756905882702e-12 7.438601450294113860e-12 6.760548047688436499e-12 -8.036960456171627643e-13
-1.537191771902491587e-12 -2.752048885055902156e-12 1.241668537944440208e-12 -1.461581570152845020e-12 2.924938769183347070e-12 6.070551055886953561e-12 4.852061356677319164e-12 -1.426733967204977460e-12
-1.382522638108404424e-12 -2.066062406741802252e-12 3.098549796012052654e-13 -1.658756446256396090e-12 2.405559577822672917e-12 4.419703141634451895e-12 1.556136572463824976e-12 -5.391655238061951639e-13
-1.182397140211585546e-12 -1.321056247196343090e-12 -2.163889166897451073e-13 -1.717272023978045788e-12 1.350238594685457571e-12 2.543571786829213934e-12 2.178376076229851074e-13 -8.603843050125348523e-13
-9.514360698115558429e-13 -6.475296308873681974e-13 -2.501229911729935831e-13 -1.699650198163544179e-12 1.893650553080658273e-13 1.208208865484596198e-12 4.635325286794884398e-14 2.302027007774509848e-13
-7.130799225187715701e-13 -1.417415699720180989e-13 -6.763395229661835804e-14 -1.344865889919931375e-12 -2.825903943348876634e-13 4.003743262523543878e-13 -1.183093588556553910e-13 6.277627638005217148e-13
-4.966671484884896090e-13 1.543511536303087054e-13 1.748983897150682792e-13 -7.411121113462595153e-13 -5.514648770318198888e-14 1.681403898559808542e-13 5.866446671273294066e-13 -6.294354571615565380e-14
-3.169562108461009632e-13 2.579984723286890150e-13 3.346634435813281377e-13 -2.981163137234881127e-13 3.262312832194489282e-13 2.119518885884408680e-13 -1.302739046554823109e-13 -7.925234739606153004e-14
-1.225437981982340319e-12 -2.316703858267024608e-12 5.450745394316092381e-12 4.171954282529405723e-12 -3.212000447313721573e-12 2.031998662003518301e-11 -7.391855106628167116e-11 5.489686941355278058e-11
-1.482921693870417862e-12 -2.886291810947247138e-12 9.092820316144863329e-12 3.790685246563849287e-12 -7.877426554916304669e-12 1.930389864409782459e-11 -5.778728445744972699e-11 4.634184311057283452e-11
-1.739972162706352021e-12 -3.468835323627949012e-12 1.237563760088079932e-11 3.348592127799703438e-12 -1.210048551788790323e-11 1.855152254874299077e-11 -3.920497214615274454e-11 3.332667198985165806e-11
-1.939799802088169554e-12 -3.971910268095581935e-12 1.420094530535296817e-11 2.690945706146333938e-12 -1.405526953630593841e-11 1.713745358371017902e-11 -2.119719580186805351e-11 1.863501493777952061e-11
-2.000695022367948553e-12 -4.230533566446622677e-12 1.300358956967188621e-11 1.620321652810431404e-12 -1.164059187427948818e-11 1.501295503073115383e-11 -7.210755234029701409e-12 6.965344577512043820e-12
-1.960136404110585306e-12 -4.252117173719188213e-12 9.535921792418873381e-12 3.031423095822923794e-13 -6.098880921475070479e-12 1.247043321198292411e-11 2.346476675000186210e-12 2.167383530442600049e-12
-1.890059672872453438e-12 -4.069922307549350904e-12 6.055927556316344114e-12 -6.467315109286647838e-13 -1.077006590071651534e-12 1.026736333756204571e-11 7.466743139973924690e-12 -2.048439796939356295e-13
-1.809224012648267816e-12 -3.683390116921611351e-12 3.481518377382979474e-12 -1.207837222990926163e-12 2.010536392838983917e-12 8.294705980569277416e-12 7.571173275906929842e-12 -7.170557202217420495e-13
-1.706354021408050176e-12 -3.129992054024234131e-12 1.728486972788006869e-12 -1.556681566276720965e-12 3.009818943523266673e-12 6.705153277034473165e-12 5.796747867804369077e-12 -1.341080395970008777e-12
-1.551020580165517064e-12 -2.405597896712375268e-12 5.633278785023813340e-13 -1.770636014541909010e-12 2.704397213324298884e-12 4.892421806952452339e-12 2.124985137556350706e-12 -3.089134628035121991e-13
-1.344562997433879342e-12 -1.592007099727975457e-12 -1.409769210937948940e-13 -1.822626413051483726e-12 1.670415435578017429e-12 2.840637583273703748e-12 3.156810025606397676e-13 -7.232769453362959097e-13
-1.098690802465579124e-12 -8.307648923311356251e-13 -2.743756139514507309e-13 -1.812398715521950782e-12 3.705410165302628828e-13 1.376388977356148415e-12 -3.725277817159728772e-14 2.047958395873887522e-13
-8.368005628901281949e-13 -2.344852636646569083e-13 -1.255494525726293630e-13 -1.453952080865864946e-12 -2.798725761703614304e-13 5.037180769907657432e-13 -2.977664619705627865e-13 6.486850219399071114e-13
-5.924581534189157156e-13 1.339529363873402983e-13 1.214008802414806081e-13 -8.004619197140918287e-13 -1.130191071836761240e-13 2.482400766786738458e-13 5.619119568299687141e-13 -1.162878647694401677e-13
-3.848911737866088509e-13 2.805654898763978167e-13 3.118602071426801641e-13 -3.025626046788075498e-13 3.050358589155467228e-13 2.798301625938942114e-13 -8.345280985082794199e-14 -8.795219107770824868e-14
-1.256673698573681576e-12 -2.352848755495481939e-12 5.245645861437415017e-12 4.343689681263161442e-12 -2.849255776921410814e-12 2.148522645313764843e-11 -7.922241775802257951e-11 5.797456277939544642e-11
-1.527427118187531560e-12 -2.953097522710998781e-12 9.156752142368967805e-12 3.965554760446064619e-12 -7.841389364983082309e-12 2.044282500425825308e-11 -6.289791908535604814e-11 4.984680147617260329e-11
-1.806518407892229124e-12 -3.580288412239089319e-12 1.282918654268421899e-11 3.540770623962412210e-12 -1.260700677665273168e-11 1.973101520347592979e-11 -4.356791253560885685e-11 3.680322836774700085e-11
-2.036787566487095022e-12 -4.144099910475107129e-12 1.518716229871741587e-11 2.925879844636028535e-12 -1.530993916903745396e-11 1.841455639446412383e-11 -2.429432626694685532e-11 2.105644761958881046e-11
-2.118675078611960481e-12 -4.455139690564537117e-12 1.432843063541744167e-11 1.853913449187716813e-12 -1.330724465893295730e-11 1.624740592197825410e-11 -9.062418472604316924e-12 7.990610801721545491e-12
-2.080430198982866292e-12 -4.503974852089528723e-12 1.068942762156485853e-11 4.348267557416613866e-13 -7.427632847161745365e-12 1.350873144583829921e-11 1.530056247351438665e-12 2.672590067683631979e-12
-2.006169236825749742e-12 -4.336718098057804395e-12 6.869456316418933331e-12 -6.272300060570247284e-13 -1.801990585977585810e-12 1.107963504632441790e-11 7.598909950896977967e-12 -3.275872726069291908e-15
-1.923367862520823394e-12 -3.950202402301452787e-12 4.000103155400806502e-12 -1.246699036510060675e-12 1.801157094638285056e-12 8.862498956987217708e-12 8.155696253120065019e-12 -6.536439384385903711e-13
-1.821389676068214491e-12 -3.387152302448303835e-12 2.043262826979891061e-12 -1.624318708497574478e-12 3.094081937222702227e-12 7.130627018463812447e-12 6.453849761756794249e-12 -1.273253710391437429e-12
-1.665644808797094797e-12 -2.636134792650297442e-12 7.235987895804838158e-13 -1.848577150781920904e-12 2.923533326095293825e-12 5.214659623482078847e-12 2.515918625152138286e-12 -1.538049788773158264e-13
-1.454739126146934608e-12 -1.775020743007718965e-12 -9.851145951065321356e-14 -1.895338731597850202e-12 1.895002220954708328e-12 3.046833482000579612e-12 3.794381473330405482e-13 -6.388752281994142180e-13
-1.198424471267744734e-12 -9.533148692652566677e-13 -2.964574861224747745e-13 -1.890655086212530470e-12 4.925926149826002672e-13 1.497875201697953937e-12 -1.003913233827742537e-13 1.816625444739907244e-13
-9.202054530874221242e-13 -2.952321035237987453e-13 -1.676858421160221725e-13 -1.530163602070159709e-12 -2.823637402996609985e-13 5.800700847449384742e-13 -4.291016934559878071e-13 6.687896713229573430e-13
-6.566830850232368166e-13 1.218551670495669612e-13 8.467057202620963696e-14 -8.430127030336533958e-13 -1.546096142837789816e-13 3.055040503943852426e-13 5.454406705182727687e-13 -1.523010687499848572e-13
-4.301519325965231570e-13 2.967590082820621433e-13 2.975270374358275177e-13 -3.076253870369885156e-13 2.907439608971538875e-13 3.274423595978913639e-13 -5.185130339453608436e-14 -9.555848200828731264e-14
-1.281075586570661075e-12 -2.381089847997137868e-12 5.085458663401359950e-12 4.477849803329223276e-12 -2.565872440189463504e-12 2.239549113089450093e-11 -8.336610491557891526e-11 6.037958991700885121e-11
-1.562195924936778055e-12 -3.005292528035267621e-12 9.206750400504747742e-12 4.102157156139660382e-12 -7.813252974636363400e-12 2.133251673580707612e-11 -6.689062092934819455e-11 5.258562095816162630e-11
-1.858506690903279565e-12 -3.667364054923666329e-12 1.318357383698878817e-11 3.690889369221057222e-12 -1.300275442821148009e-11 2.065238839205690456e-11 -4.697642251041530423e-11 3.951976971852135179e-11
-2.112557889953349064e-12 -4.278625787094620014e-12 1.595771506323784951e-11 3.109406614994059244e-12 -1.629019595082894916e-11 1.941217409811976880e-11 -2.671380927674997494e-11 2.294822365265736883e-11
-2.210841441417968760e-12 -4.630604807678122710e-12 1.536336144420104639e-11 2.036362146024815998e-12 -1.460917955518067893e-11 1.721171239172347409e-11 -1.050898570420162230e-11 8.792409946912384851e-12
-2.174406410532836236e-12 -4.700739476642090963e-12 1.159064489022851500e-11 5.376890337553266631e-13 -8.465694743868927974e-12 1.431972727963348013e-11 8.924669031002377570e-13 3.067424468521707667e-12
-2.096872469235167826e-12 -4.545137282484771036e-12 7.504877279278488592e-12 -6.120334838260780788e-13 -2.368190615666055382e-12 1.171409962102690907e-11 7.702037194044669322e-12 1.546885544980626837e-13
-2.012526169718986065e-12 -4.158629996506865571e-12 4.404945784973034030e-12 -1.277150930465473107e-12 1.638022010640472005e-12 9.305936479678138344e-12 8.612731044504342465e-12 -6.037710003702523155e-13
-1.911245852335808999e-12 -3.588031156201372110e-12 2.288907516770666017e-12 -1.677200601969873382e-12 3.160345356305395154e-12 7.462750765307024806e-12 6.967409640424880644e-12 -1.219877690456950694e-12
-1.755184867306086753e-12 -2.816226010965916942e-12 8.486552209154029469e-13 -1.909506209482994267e-12 3.094958463942719202e-12 5.466301017139556719e-12 2.821557632672273239e-12 -3.266759394884144147e-14
-1.540805103273788381e-12 -1.917987154561197853e-12 -6.544751704574734422e-14 -1.952183544779575001e-12 2.070606003417462281e-12 3.207916007772996062e-12 4.293475350386150104e-13 -5.728254029027262758e-13
-1.276333871732436541e-12 -1.049042768131097573e-12 -3.137786131896661358e-13 -1.951813342991001660e-12 5.880277523656218283e-13 1.592735846971425371e-12 -1.497301672333382002e-13 1.638401195832931153e-13
-9.853583959524096143e-13 -3.426845480718844630e-13 -2.006474623191622911e-13 -1.589718983302382152e-12 -2.842529007899649403e-13 6.397601779328710399e-13 -5.313526553288579215e-13 6.840771711907208285e-13
-7.068515851286903487e-13 1.124143186981214692e-13 5.595678848555622476e-14 -8.762637120296141993e-13 -1.871155510964385500e-13 3.502878759994375419e-13 5.326685439990483695e-13 -1.806223614498749944e-13
-4.655044052651331402e-13 3.094182357907264835e-13 2.863198160489016703e-13 -3.115946354504264683e-13 2.795551672072239555e-13 3.646825204298752406e-13 -2.701571471437915432e-14 -1.016336225834951896e-13
-1.302968069108178845e-12 -2.406421168938436254e-12 4.941689508241241472e-12 4.598215666132213976e-12 -2.311622217717188737e-12 2.321220801364406770e-11 -8.708338542691044144e-11 6.253666189125368958e-11
-1.593388600121868522e-12 -3.052113192466027103e-12 9.251538058083413785e-12 4.224718640319343959e-12 -7.787972364477559568e-12 2.213079034455912365e-11 -7.047256643265272044e-11 5.504214125110269464e-11
-1.905146760201486377e-12 -3.745476883337450383e-12 1.350143737218803220e-11 3.825578808751581439e-12 -1.335773346912450446e-11 2.147907758963930476e-11 -5.003438420543107878e-11 4.195638241359713227e-11
-2.180532484367872554e-12 -4.399307941788269674e-12 1.664893612188200501e-11 3.274063039619950034e-12 -1.716953151901198211e-11 2.030723365744589838e-11 -2.888468853905510333e-11 2.464518180887104439e-11
-2.293525368167317674e-12 -4.788014435864296432e-12 1.629174920868113882e-11 2.200044756508473447e-12 -1.577708804261119975e-11 1.807688762533393497e-11 -1.180715369405059952e-11 9.511960071510163199e-12
-2.258723802598776176e-12 -4.877271402057313170e-12 1.239929570260777839e-11 6.300153757493145949e-13 -9.397207571911413328e-12 1.504747142030385889e-11 3.201409810111268070e-13 3.421644473557771532e-12
-2.178256865687942626e-12 -4.732129431657247336e-12 8.075163957935875027e-12 -5.983414431265250113e-13 -2.876508985949708082e-12 1.228347354037923718e-11 7.794186500141649360e-12 2.963567405701479370e-13
-2.092524678647117602e-12 -4.345634279022991270e-12 4.768366096044899290e-12 -1.304426563482047525e-12 1.491327204494929001e-12 9.703925252118393712e-12 9.022520862792462371e-12 -5.590893374407841018e-13
-1.991868637246808511e-12 -3.768264405552825542e-12 2.509449359691447989e-12 -1.724616533222199512e-12 3.219550958595612289e-12 7.760832221356850037e-12 7.428017944103509360e-12 -1.172087947469806508e-12
-1.835522700045096067e-12 -2.977808682385572828e-12 9.609627344255331826e-13 -1.964150689973368440e-12 3.248610892872417248e-12 5.692100050739003461e-12 3.095717585919561056e-12 7.595801599896083942e-14
-1.618025796954390174e-12 -2.046263895841446443e-12 -3.570726441194190293e-14 -2.003170578177411733e-12 2.228073355782051584e-12 3.352429603739027071e-12 4.740644310491817466e-13 -5.134766381910894360e-13
-1.346237605132988870e-12 -1.134942316071030925e-12 -3.292666209675706383e-13 -2.006674889744554961e-12 6.736265744199455229e-13 1.677807757467292009e-12 -1.939815653762999926e-13 1.478843474528672521e-13
-1.043818746001147976e-12 -3.852741184012114873e-13 -2.301896736740883115e-13 -1.643140613847225342e-12 -2.859317860535586254e-13 6.932602512160683486e-13 -6.230533674462575152e-13 6.978013677222940229e-13
-7.518694327527690496e-13 1.039300918044677116e-13 3.020941510555659680e-14 -9.060835396435662950e-13 -2.162605726782963341e-13 3.904283256620090685e-13 5.212259511836027381e-13 -2.060394528292580266e-13
-4.972296471976029540e-13 3.207690251784588130e-13 2.762638011784884179e-13 -3.151378852705161099e-13 2.695219273650948075e-13 3.980696237624790617e-13 -4.771026254367397084e-15 -1.070499989086275057e-13
-1.326280855739509573e-12 -2.433164360665471121e-12 4.785502817120035723e-12 4.726988227695287268e-12 -2.037070364994964671e-12 2.408797063436585099e-11 -9.107197971150581502e-11 6.484554062672345780e-11
-1.626635936932561068e-12 -3.101847662294665761e-12 9.297140124254510517e-12 4.355825965341340081e-12 -7.758162835902553239e-12 2.298662473084370019e-11 -7.432053156655683408e-11 5.767802367482434563e-11
-1.954966377353099456e-12 -3.828784873797848233e-12 1.384018709437805138e-11 3.969775644805829998e-12 -1.373614530729544735e-11 2.236561959731175423e-11 -5.332264164070912797e-11 4.457633013758246061e-11
-2.253327554237658649e-12 -4.528410076060392363e-12 1.739020431142236180e-11 3.450864399155281599e-12 -1.811346562629430730e-11 2.126812457587457090e-11 -3.122122362894112888e-11 2.647197762756817961e-11
-2.382202553472408029e-12 -4.956698157357611823e-12 1.728994063045974716e-11 2.376281784069845851e-12 -1.703410511023361964e-11 1.900643626490257336e-11 -1.320623931065826185e-11 1.028645098901079634e-11
-2.349184348196961925e-12 -5.066587351038586053e-12 1.326950617610164613e-11 7.296935655945906437e-13 -1.040116759973758950e-11 1.582965324176683585e-11 -2.989642208293442300e-13 3.803204500808832353e-12
-2.265565421037691162e-12 -4.932766756259402049e-12 8.689100109677582068e-12 -5.832734600206516017e-13 -3.425258142461876451e-12 1.289538385279201541e-11 7.890357313931955036e-12 4.492756488963430961e-13
-2.178347670774013993e-12 -4.546363694763404836e-12 5.159714979586732731e-12 -1.333489204270617330e-12 1.332019398106035763e-12 1.013121417199314071e-11 9.461737246211852126e-12 -5.107779503702239072e-13
-2.078384727187845239e-12 -3.961836141763194164e-12 2.747097952332976792e-12 -1.775370794630874844e-12 3.282230214328524307e-12 8.080519573565043325e-12 7.923167255620583697e-12 -1.120422485249990992e-12
-1.921771116825954306e-12 -3.151476239111383039e-12 1.082140506666055047e-12 -2.022724563652104161e-12 3.413424763498302120e-12 5.934155997565682525e-12 3.391345972970088056e-12 1.933353619661565561e-13
-1.700971374228850531e-12 -2.184242698688263946e-12 -3.457237747637385805e-15 -2.057738063669579029e-12 2.397513746404930577e-12 3.507322571315132833e-12 5.227079432037613322e-13 -4.489133373219021785e-13
-1.421362852789132203e-12 -1.227418646876776500e-12 -3.458443960492701163e-13 -2.065325817163074851e-12 7.660529764564253996e-13 1.769066388554972934e-12 -2.415295446806272332e-13 1.308702099913784463e-13
-1.106674818449281400e-12 -4.311885850961993023e-13 -2.620188893154291961e-13 -1.700327897190184877e-12 -2.875334758631882373e-13 7.508441819566843180e-13 -7.219780556452876624e-13 7.126827921376460051e-13
-8.002917922694208603e-13 9.471449699925566796e-14 2.369588498923894514e-15 -9.380194978621191828e-13 -2.476647104333161199e-13 4.336935356305494652e-13 5.086811716463309879e-13 -2.332621031508723254e-13
-5.313672276995614846e-13 3.329236815258018916e-13 2.652955967275977408e-13 -3.188614624369985162e-13 2.585550608802776579e-13 4.340105768173177387e-13 1.921085014517619853e-14 -1.128585151163204882e-13
-1.281686661038825693e-12 -2.356813115417249240e-12 4.767573025810526918e-12 4.487822623080408296e-12 -2.325356247527200463e-12 2.280350328251369690e-11 -8.360051438361938160e-11 5.885952923744223073e-11
-1.559274972082832988e-12 -2.978007758352849291e-12 8.863630861594016662e-12 4.118474898483254003e-12 -7.462752504823080239e-12 2.172666643913874245e-11 -6.777783440331443629e-11 5.142000035027688943e-11
-1.851612310635855740e-12 -3.639376578708886652e-12 1.283894310832768766e-11 3.696141556299854121e-12 -1.256256061427116907e-11 2.095892301562840782e-11 -4.863417770490146090e-11 3.944865961982205075e-11
-2.108774816940657384e-12 -4.255600965060089980e-12 1.566607752660448402e-11 3.112968522421153944e-12 -1.593406399461171676e-11 1.974296239434714654e-11 -2.880524658314457087e-11 2.431718086012786621e-11
-2.237012085154348801e-12 -4.652543166539366574e-12 1.571474740694987172e-11 2.159365074692497527e-12 -1.521854529146752588e-11 1.784218835553094780e-11 -1.226212747331618595e-11 9.707710488836042011e-12
-2.220141073041216199e-12 -4.755188113738533914e-12 1.244259327428321212e-11 7.390491479652980398e-13 -9.778669070920560743e-12 1.502316337160093221e-11 -6.849931871521088720e-13 3.304134799927056162e-12
-2.147154891767530387e-12 -4.621338398218435988e-12 8.398678659494543399e-12 -4.488431998816139787e-13 -3.710477331581688957e-12 1.237848408030071383e-11 6.597351885325558087e-12 1.593859109761353301e-13
-2.056446610466636019e-12 -4.246888789477914051e-12 5.081389165869358203e-12 -1.202001441446519445e-12 6.867107779007996763e-13 9.829481032614090932e-12 8.099190028847809908e-12 -6.931914387034624879e-13
-1.950651083082608541e-12 -3.678272409138722113e-12 2.751085384667331611e-12 -1.645894325681927253e-12 2.650527795241590170e-12 7.688953199201563608e-12 6.953703991685722545e-12 -1.344610835040056888e-12
-1.795010732302884053e-12 -2.912845482340826328e-12 1.164180629994115419e-12 -1.902391413472630653e-12 2.872929092624519842e-12 5.512839103006083852e-12 2.958471645939763928e-12 8.840001108987643628e-14
-1.584295656434897628e-12 -2.023046316444491772e-12 1.375434026881945479e-13 -1.959846850544658623e-12 2.059903414067378911e-12 3.168767412773948807e-12 6.938848756705661561e-13 -4.447467447157359265e-13
-1.324282352455187402e-12 -1.147997565978155901e-12 -2.124215077328868747e-13 -1.941916298483236063e-12 7.029919573797792091e-13 1.472773844876496999e-12 -4.835035163634630882e-14 3.587475139343092092e-13
-1.035106226970977591e-12 -4.218481926890504240e-13 -1.717887008266958353e-13 -1.568709819896579547e-12 -1.733765199367320274e-13 5.526324111901354865e-13 -4.325892180307456879e-13 6.260075676654701757e-13
-7.531960362765522104e-13 6.808219737846831362e-14 3.157769776560360161e-14 -8.401664847130066108e-13 -1.581854020440896635e-13 3.306532194310360139e-13 4.894094400954422555e-13 -2.044589369506465419e-13
-5.045854380379832104e-13 2.974554689870011156e-13 2.444747515351989340e-13 -2.667397777547213689e-13 2.612609722482869055e-13 3.738451145591775535e-13 1.954746576562426712e-14 -7.247907140004223949e-14
-1.320941311958030671e-12 -2.383911216773779672e-12 4.283937009647404157e-12 4.708859086210195274e-12 -1.710622397846635212e-12 2.454343986497155892e-11 -9.026937041466380607e-11 6.149829731145605430e-11
-1.612521682894069774e-12 -3.040885833619649299e-12 8.693789004059045629e-12 4.348919108400391006e-12 -7.172933804055567169e-12 2.342937931792689136e-11 -7.467958915249502025e-11 5.481707114598073127e-11
-1.929323737329900727e-12 -3.757029734115072775e-12 1.315117388883572121e-11 3.941238284709697749e-12 -1.288020925575859037e-11 2.265158196938362482e-11 -5.515822775514221315e-11 4.356116045920624113e-11
-2.225895196765529220e-12 -4.451974374318898921e-12 1.667763144469542838e-11 3.409145961854580170e-12 -1.722907221423993916e-11 2.156055013094053441e-11 -3.411271445650160781e-11 2.813295061469194375e-11
-2.399711757924750424e-12 -4.942752319596223985e-12 1.755500284446958457e-11 2.528752084424070425e-12 -1.764699593123115994e-11 1.980809743914551560e-11 -1.585481777748487198e-11 1.170117445716309820e-11
-2.401990333939788531e-12 -5.105908520125647558e-12 1.448503471675580307e-11 1.050072332115435212e-12 -1.237127053309257042e-11 1.682420149171994327e-11 -2.836068420793033672e-12 4.090394560623030366e-12
-2.328037356288283490e-12 -5.005883844212783793e-12 1.007307931730841275e-11 -2.971260739871925892e-13 -5.616586526884804146e-12 1.387846770641606420e-11 5.891130889328143338e-12 4.190607871979803073e-13
-2.230218954466753863e-12 -4.640976120498583340e-12 6.236175838432036065e-12 -1.189835245195789722e-12 -3.030730655128862225e-13 1.093383683187571627e-11 8.417861137252228801e-12 -6.805729349082851934e-13
-2.121888540769997152e-12 -4.061493007296730637e-12 3.491123310974576831e-12 -1.701670347850416646e-12 2.355127101411331103e-12 8.394070995880353549e-12 7.722998700445232556e-12 -1.351265121648612488e-12
-1.965800367619365651e-12 -3.267453859155218034e-12 1.603983280253372038e-12 -1.989758619596990544e-12 2.960710314298956669e-12 5.950950114895388904e-12 3.534073415977817127e-12 3.310660992971016511e-13
-1.751908174044060032e-12 -2.324695340047120654e-12 3.459421983053345166e-13 -2.053470599395522093e-12 2.313793516589910919e-12 3.398790550820313372e-12 9.430401510023987862e-13 -2.289226851322817128e-13
-1.482200638641499198e-12 -1.371162095841848875e-12 -1.582109820962834666e-13 -2.031700817770172843e-12 9.272490497736794353e-13 1.530892412920642679e-12 -6.005851421724356005e-14 4.930205802913161340e-13
-1.174313357564828817e-12 -5.557007562027759613e-13 -1.969421608047539223e-13 -1.647482354090389456e-12 -9.475917166975179041e-14 5.745144357751056531e-13 -5.044483021875244313e-13 6.024031368889882091e-13
-8.665828720471788470e-13 1.918979711179352740e-14 -2.656825668978643064e-14 -8.655407161501837307e-13 -1.851340041193979485e-13 3.775614754866686155e-13 4.519250456375927257e-13 -2.816244028703206444e-13
-5.894297883729594071e-13 3.077976050725130354e-13 1.980855965408686107e-13 -2.373974463506577813e-13 2.317245134838475562e-13 4.343118035879457108e-13 8.525891078321161511e-14 -5.761368985502735694e-14
-1.351441350400893727e-12 -2.405470208052801943e-12 3.913101200331269925e-12 4.880396939452254828e-12 -1.233782998674803278e-12 2.588984441596345934e-11 -9.547681255287091089e-11 6.360725531883972612e-11
-1.653949527689432322e-12 -3.090370509500711944e-12 8.568146317616302617e-12 4.527351723998999050e-12 -6.951113715711845763e-12 2.474545231929862478e-11 -8.005796456817429108e-11 5.751887941831726664e-11
-1.989887733765073166e-12 -3.849194805201623120e-12 1.340105968690263350e-11 4.130990460427460014e-12 -1.313373705686630474e-11 2.396097257177380872e-11 -6.022840846059469625e-11 4.680800622703035968e-11
-2.317270789834594828e-12 -4.605486002067669724e-12 1.747273924256496632e-11 3.639177826355907559e-12 -1.824683030667327705e-11 2.296993392120114304e-11 -3.821719543452662352e-11 3.111988936824641586e-11
-2.526394195718552835e-12 -5.169085222746710140e-12 1.899245307188976745e-11 2.815476112501685272e-12 -1.954232039588888621e-11 2.133060165945182021e-11 -1.861591922941711384e-11 1.323937820728725990e-11
-2.542862194918485699e-12 -5.378332710881340136e-12 1.606275393608048157e-11 1.288076911082172581e-12 -1.436905888987794184e-11 1.821137117609829072e-11 -4.478743119849812901e-12 4.701526295325689141e-12
-2.467751162424186681e-12 -5.304068201812933331e-12 1.135441614176428589e-11 -1.846820847207526793e-13 -7.065619512400464140e-12 1.502964903497570340e-11 5.376381913506482564e-12 6.252387148940169336e-13
-2.364392393375629035e-12 -4.946180307449844672e-12 7.113593929731014709e-12 -1.184640737042635270e-12 -1.040188886073249958e-12 1.177716042978165659e-11 8.689991063697433217e-12 -6.644789398340627688e-13
-2.254282443988740925e-12 -4.358164817786369156e-12 4.051351824214352843e-12 -1.747574985173187027e-12 2.148276881606624530e-12 8.931317908657585668e-12 8.334399521415177988e-12 -1.350676480421986597e-12
-2.097969437382134310e-12 -3.541927496255889545e-12 1.935315637931201603e-12 -2.059454191855276842e-12 3.042441240169041243e-12 6.288011854073840525e-12 3.985585564938466697e-12 5.263996060760156379e-13
-1.881636849318834382e-12 -2.557836513099534632e-12 5.006506300241078846e-13 -2.127237458609477845e-12 2.518102554796655382e-12 3.577669262550662813e-12 1.136799485533607174e-12 -6.216611148567179756e-14
-1.604323569470192004e-12 -1.543085463775013740e-12 -1.208660335715115202e-13 -2.102118041392632810e-12 1.103581415669474830e-12 1.578745948120112098e-12 -7.044888878160027083e-14 5.929562311209784796e-13
-1.281782676079982584e-12 -6.581479222761616849e-13 -2.192934787029735265e-13 -1.709606414438511267e-12 -3.489620270711259754e-14 5.957808645253770794e-13 -5.642016094133215039e-13 5.845441593688867487e-13
-9.539153439397032274e-13 -1.755525616702662578e-14 -7.297708541065725483e-14 -8.864490811178928332e-13 -2.074470160415161178e-13 4.172784162995396466e-13 4.220114608795511325e-13 -3.405030817125832130e-13
-6.546017501068479235e-13 3.164645493570976966e-13 1.620972301222004787e-13 -2.161497108605815205e-13 2.084884173616631438e-13 4.828265372336085577e-13 1.377556567664386108e-13 -4.815038383868873230e-14
-1.378799643710686644e-12 -2.424819298402260420e-12 3.580564672751618198e-12 5.034257087696771175e-12 -8.060587104415237503e-13 2.709744765942673491e-11 -1.001485089494191560e-10 6.550053957613680351e-11
-1.691110697983618061e-12 -3.134772450771144964e-12 8.455590384010714829e-12 4.687384273615372568e-12 -6.752188679250693125e-12 2.592579141658812000e-11 -8.488287770683160610e-11 5.994421476565603474e-11
-2.044216323979617226e-12 -3.931883200779057354e-12 1.362537094977519335e-11 4.301168914669605603e-12 -1.336126643925114867e-11 2.513532451087263539e-11 -6.477657266153618922e-11 4.972201455149026149e-11
-2.399241169278957618e-12 -4.743205037445033994e-12 1.818613577350850963e-11 3.845492405714815336e-12 -1.915996431205540167e-11 2.423403838641586054e-11 -4.189871535687371131e-11 3.380024230153958011e-11
-2.640037160130977854e-12 -5.372127422753366328e-12 2.028205809062620737e-11 3.072656293100825219e-12 -2.124269599783848786e-11 2.269621058425451993e-11 -2.109199619937833865e-11 1.461940091739468760e-11
-2.669222734130671399e-12 -5.622705961142747744e-12 1.747794908844031830e-11 1.501510708797007988e-12 -1.616098567048140970e-11 1.945546970668946326e-11 -5.951518490381545868e-12 5.249704187426585025e-12
-2.593054198608132651e-12 -5.571525544168704692e-12 1.250329278723262207e-11 -8.396602842233924363e-14 -8.364609759280010950e-12 1.606186934411191083e-11 4.915514946645974824e-12 8.103622865860658926e-13
-2.484722584509180889e-12 -5.219927833956075444e-12 7.900076076247555733e-12 -1.180124896283938783e-12 -1.700460579045262298e-12 1.253321380250655258e-11 8.934882036387052272e-12 -6.498465388600154091e-13
-2.373021337236961296e-12 -4.624255420286508495e-12 4.553426069293714812e-12 -1.788845774485588959e-12 1.963450354246327110e-12 9.412892617440329933e-12 8.883285549743952928e-12 -1.349985682928335849e-12
-2.216510149946185095e-12 -3.788104972972007218e-12 2.232185524241828228e-12 -2.122038353061344122e-12 3.116243622252477318e-12 6.590158648382131142e-12 4.390818031564077348e-12 7.018135260455316875e-13
-1.997990540676097649e-12 -2.766938800819978361e-12 6.391874525957593727e-13 -2.193452430161900146e-12 2.701669602472028361e-12 3.738044362965658850e-12 1.310744175809912524e-12 8.745711290622662385e-14
-1.713855139568489269e-12 -1.697271330489378404e-12 -8.752416590236116797e-14 -2.165312744920395093e-12 1.261899370091888442e-12 1.621673023028234897e-12 -7.969199329273055530e-14 6.824846446400016992e-13
-1.378167930880429587e-12 -7.500111552879167642e-13 -2.394514433768620568e-13 -1.765367091309093327e-12 1.884936516386840717e-14 6.149380404322941630e-13 -6.178361073204135106e-13 5.685227002944734995e-13
-1.032236181812922528e-12 -5.048309579644769723e-14 -1.146676953560536922e-13 -9.052299920464879366e-13 -2.274631827528279779e-13 4.529621616428218288e-13 3.950104887739889340e-13 -3.930754725814683732e-13
-7.130440793636680206e-13 3.242592505245154535e-13 1.297920179108601041e-13 -1.971224488790448578e-13 1.876529258145548348e-13 5.263796215809943513e-13 1.848472382809647591e-13 -3.965255475511454746e-14
-1.408002589136228418e-12 -2.445082444986174084e-12 3.220592011785845927e-12 5.199126317594012243e-12 -3.443782481249718799e-13 2.839487201872839951e-11 -1.051648622844259412e-10 6.752214623219457509e-11
-1.730782082897892628e-12 -3.181856840818825249e-12 8.331160679663598048e-12 4.858877376555925613e-12 -6.534816735230110934e-12 2.719376358472746374e-11 -9.007049447210027394e-11 6.254383878457430045e-11
-2.102302723282941873e-12 -4.020068598242714822e-12 1.386272403563781493e-11 4.483589547266419729e-12 -1.360161102512438448e-11 2.639678885780075907e-11 -6.967211047170918588e-11 5.285532060108530513e-11
-2.487097930874485035e-12 -4.890609495841694412e-12 1.895069154589289315e-11 4.067152928094406501e-12 -2.013954517984969954e-11 2.559288336996593735e-11 -4.586546759955350329e-11 3.668791588338710521e-11
-2.762092050161417722e-12 -5.589978280289335937e-12 2.166967443548659496e-11 3.349771185840300120e-12 -2.307392753725992073e-11 2.416570739058787950e-11 -2.376263029148595947e-11 1.610674964615225226e-11
-2.805037043005198217e-12 -5.885168211692281388e-12 1.900278420763279652e-11 1.731970080010412687e-12 -1.809375853127496930e-11 2.079495408061641852e-11 -7.543105626657835600e-12 5.840495674777578415e-12
-2.727748138278306779e-12 -5.858942011297540331e-12 1.374193638287354111e-11 2.514257779268160842e-14 -9.767307594564162145e-12 1.717343741585866560e-11 4.413955427714463953e-12 1.010048784982025693e-12
-2.614057087276675579e-12 -5.514217948906593986e-12 8.748295858993962892e-12 -1.174786143434363227e-12 -2.414694016776781430e-12 1.334710313382323361e-11 9.195384225101483063e-12 -6.340950114016679699e-13
-2.500652914053935034e-12 -4.910435588048594123e-12 5.095139170062628359e-12 -1.832904615127133130e-12 1.762275426561145103e-12 9.930643344775610955e-12 9.473292529027413721e-12 -1.349308757383209290e-12
-2.343966403256846856e-12 -4.053031754275036163e-12 2.552730053093507056e-12 -2.189137627671804225e-12 3.194555400797545334e-12 6.914529458002244713e-12 4.827784944937058785e-12 8.912096617106808771e-13
-2.123150874503679107e-12 -2.992134179456221567e-12 7.890018941007556325e-13 -2.264426673592809040e-12 2.899116202543936315e-12 3.909942874319439819e-12 1.498990067664113296e-12 2.494774822708223855e-13
-1.831736054829992991e-12 -1.863454799254524925e-12 -5.130186746469116766e-14 -2.232915450866428010e-12 1.432798595537199555e-12 1.667313769305209085e-12 -8.936384166209448558e-14 7.794694698391879572e-13
-1.481950238786364703e-12 -8.491295038618419820e-13 -2.610961278920623798e-13 -1.825027985528796691e-12 7.713029383919472385e-14 6.353519820864867444e-13 -6.755622783498739807e-13 5.512957734030226812e-13
-1.116603318541851192e-12 -8.610608835877305228e-14 -1.597008821479104063e-13 -9.252078978532549231e-13 -2.489722686624324969e-13 4.913616546385452203e-13 3.656763865113360994e-13 -4.496108727123438553e-13
-7.760227580495786129e-13 3.325578844888977712e-13 9.479711450847934225e-14 -1.764518535195165632e-13 1.650241987686083357e-13 5.732660843586049221e-13 2.356491797723439635e-13 -3.041277518578411947e-14
-1.368262059923886586e-12 -2.398660192918920280e-12 3.501688323509633429e-12 4.981586720913993648e-12 -8.765642564913988952e-13 2.687393735891106142e-11 -9.785584795183444197e-11 6.307199758846561064e-11
-1.674399663950122356e-12 -3.095424859126314116e-12 8.255544193063801961e-12 4.642831203698139337e-12 -6.642884761636774817e-12 2.573586477582585390e-11 -8.297764856289841664e-11 5.737816283282728859e-11
-2.017037420301554126e-12 -3.874686669522030746e-12 1.327387487568069195e-11 4.251564179529579337e-12 -1.299234093447366894e-11 2.490196702139804835e-11 -6.349521511367805921e-11 4.748772938249684865e-11
-2.358630651695837375e-12 -4.663566941350722387e-12 1.764054638654624533e-11 3.770979299706363154e-12 -1.846669060614663483e-11 2.390731835517502550e-11 -4.154365378762881799e-11 3.266860223665305434e-11
-2.596022839688166261e-12 -5.278436493510524012e-12 1.967581638496848563e-11 3.004928688221502483e-12 -2.051535764595484224e-11 2.244018830421006271e-11 -2.139338604296175092e-11 1.480641848794832641e-11
-2.644914932937972410e-12 -5.548836296578334980e-12 1.742211725144495742e-11 1.564270128968205754e-12 -1.627559277374053402e-11 1.947175800029030352e-11 -6.470908377907735956e-12 5.102841680400163257e-12
-2.577609339832703026e-12 -5.503507506892803162e-12 1.275263465397346730e-11 4.257407825777896812e-14 -8.961976971919932019e-12 1.617274221371460333e-11 3.993708228670743760e-12 6.742403981709194801e-13
-2.468779809802221317e-12 -5.162081539735908607e-12 8.209240765485793140e-12 -1.075739628455026996e-12 -2.388041910912202059e-12 1.270469022672272418e-11 8.208419139903076589e-12 -7.874342357113353503e-13
-2.352577291823662669e-12 -4.571887044302802955e-12 4.800874701788703562e-12 -1.710788295467247801e-12 1.421615427422439964e-12 9.500764315556412234e-12 8.401945818884552932e-12 -1.537685099116739614e-12
-2.194025265317680679e-12 -3.745205925264754365e-12 2.427707170184205715e-12 -2.060468705157264385e-12 2.748026169840308022e-12 6.549510380497247110e-12 4.201150956540747597e-12 5.491456871293542941e-13
-1.976991998112440065e-12 -2.743964008589001052e-12 7.942059451158872236e-13 -2.149759797193530274e-12 2.485222600726593423e-12 3.656616302229970796e-12 1.246622309485081678e-12 2.194917396179991897e-13
-1.698676247508151972e-12 -1.699893805486036823e-12 2.931809089871829167e-14 -2.124824774587328314e-12 1.199720395025099809e-12 1.498369752364233110e-12 -2.014865394804786490e-14 8.072880088093052430e-13
-1.371152763434040643e-12 -7.729601975710401563e-13 -1.665132626670862221e-13 -1.719558692492671584e-12 6.825313975273979341e-14 4.829003758360582705e-13 -4.703820404529950291e-13 5.434669413766580296e-13
-1.033006195352343239e-12 -7.905105946064240731e-14 -8.108394166494434706e-14 -8.632321911568486598e-13 -1.769592844361460614e-13 3.623205461430774116e-13 4.282862160020050551e-13 -4.138792511175076494e-13
-7.187559485603722603e-13 3.048349250424351533e-13 1.258749451686647572e-13 -1.560079779729646454e-13 1.969834641357028742e-13 4.730365622588345499e-13 1.287742275196530898e-13 1.903238872226873029e-14
-1.405458427096082590e-12 -2.409502819938845942e-12 2.880588698887471968e-12 5.196552998160773825e-12 -2.238938870576976717e-13 2.871187682207681522e-11 -1.037543282399699500e-10 6.418436417846668946e-11
-1.723000378289478024e-12 -3.137331411689953425e-12 7.901998570377864219e-12 4.875528895575373844e-12 -6.225605428285364645e-12 2.755928120571032662e-11 -8.944575085613459751e-11 5.925665287733234397e-11
-2.085811467747978341e-12 -3.965939706585777566e-12 1.335914636820983148e-11 4.498289734322245990e-12 -1.307534944201069433e-11 2.668350902740932581e-11 -7.000345613482394719e-11 5.043423170877822548e-11
-2.462496150666712277e-12 -4.828537717367743672e-12 1.838598457130060616e-11 4.057811415343113935e-12 -1.942772837535945110e-11 2.575895612995215354e-11 -4.737826712126198634e-11 3.612034315804440876e-11
-2.748996836150790763e-12 -5.539766201433823241e-12 2.131551162257839649e-11 3.377839214210440702e-12 -2.273220295220906226e-11 2.450494279964622801e-11 -2.578267371554800603e-11 1.721848704727872481e-11
-2.835926504687797334e-12 -5.895927766328801579e-12 1.972881142019345444e-11 1.972694164825262992e-12 -1.935206065427780514e-11 2.157448428403459672e-11 -9.365673239778588013e-12 5.887296094258742868e-12
-2.774754207417078608e-12 -5.894759152134999337e-12 1.488874511515591897e-11 3.199529350246833166e-13 -1.164158948442475895e-11 1.799977820644653884e-11 2.450948512813018515e-12 8.460337020154682706e-13
-2.658012618186215018e-12 -5.572641431999920197e-12 9.805191357238049391e-12 -9.728128818694960979e-13 -4.099786852101150677e-12 1.412321022135350643e-11 7.983988836109811835e-12 -8.976696235619395747e-13
-2.535292566996127355e-12 -4.974896400186097138e-12 5.868375324252435329e-12 -1.710516588629044501e-12 6.233049544663744499e-13 1.040638937824595860e-11 8.892177168259659170e-12 -1.711258257553713107e-12
-2.374259591299683009e-12 -4.121736668697130376e-12 3.100403169633213625e-12 -2.109985063441534249e-12 2.542143840114575042e-12 7.033964207305512606e-12 4.703228410016572203e-12 6.987712276964908193e-13
-2.154486315907105985e-12 -3.074233546199430977e-12 1.164143013192661827e-12 -2.220321118443440336e-12 2.595171095688927272e-12 3.860873727145504173e-12 1.462519382488643957e-12 5.752741183272664662e-13
-1.869349578759938229e-12 -1.959847217227628795e-12 1.892497588464778740e-13 -2.195512347205585119e-12 1.400740256895568114e-12 1.472943018459537333e-12 1.354409791739326802e-14 1.041060098696671998e-12
-1.526565596236249162e-12 -9.456354116604603224e-13 -1.342013651849159624e-13 -1.773934109795190933e-12 1.931877962002278679e-13 4.007493102430223413e-13 -4.499566719658448993e-13 5.098797189972181364e-13
-1.164796470375636314e-12 -1.586625973940274981e-13 -1.187004276926634645e-13 -8.593847468648216327e-13 -1.675329057633092283e-13 3.395556863937914382e-13 4.072398625062332996e-13 -5.078534362935650204e-13
-8.215597685097131731e-13 3.008440824282172951e-13 7.088468229160841590e-14 -8.905004568309936616e-14 1.720541646097862905e-13 4.959089060124495497e-13 1.494977250265326295e-13 8.980887524461181193e-14
-1.438737099373114962e-12 -2.419464491986323950e-12 2.327252696989266283e-12 5.388704882146421891e-12 3.603890902014304869e-13 3.035376651574773224e-11 -1.090496926727133872e-10 6.521770758820075023e-11
-1.766500203233240109e-12 -3.175168748246449172e-12 7.589053059821403799e-12 5.083234454058129187e-12 -5.853150085269060774e-12 2.918683004639595021e-11 -9.524745491001275800e-11 6.098107151115078931e-11
-2.147418251508136808e-12 -4.048000367023657228e-12 1.343940469655847604e-11 4.718314475772181659e-12 -1.315219846058733382e-11 2.827354254010411296e-11 -7.583505848993699295e-11 5.311154213368957970e-11
-2.555604124969751053e-12 -4.976631797989259033e-12 1.905751821822923704e-11 4.313894860241915561e-12 -2.029266557031080366e-11 2.741335774091031596e-11 -5.259586261874619459e-11 3.923713283028344820e-11
-2.886157082874314964e-12 -5.774228620395068302e-12 2.278911021017000118e-11 3.711491147499975672e-12 -2.472412538017426408e-11 2.635142970692756610e-11 -2.969571006211717020e-11 1.938209221248828288e-11
-3.006790597578797815e-12 -6.206734718993312518e-12 2.179222560451774891e-11 2.336680669872703284e-12 -2.210182168269401944e-11 2.345027030277514710e-11 -1.194104321368400930e-11 6.591358547738430719e-12
-2.950724852534934715e-12 -6.244624107477283442e-12 1.678920339240308272e-11 5.646814309554129245e-13 -1.402104969539335902e-11 1.962567726346159713e-11 1.089698807330487721e-12 1.006466674303178640e-12
-2.826791113374245241e-12 -5.939555500830790253e-12 1.121961119810278975e-11 -8.842809615251339173e-13 -5.609232338192056597e-12 1.538302425018616941e-11 7.801449612794427247e-12 -9.900947945114963079e-13
-2.698337274521318933e-12 -5.334911724531924947e-12 6.812316587735559315e-12 -1.712595054263568134e-12 -7.277702015676897739e-14 1.120788459102251948e-11 9.342451797806696951e-12 -1.859855625210972266e-12
-2.535202268078568691e-12 -4.458136124074663593e-12 3.694255384623003039e-12 -2.156012015500344196e-12 2.369850147606434687e-12 7.463021311031177437e-12 5.158266997512017096e-12 8.392014121517350569e-13
-2.313035521187792592e-12 -3.369254293358641649e-12 1.489458873186783498e-12 -2.284739724004833121e-12 2.700936759021207670e-12 4.042486466219373248e-12 1.660559710044666803e-12 8.933751350365311259e-13
-2.021798880496550027e-12 -2.191804366616170387e-12 3.284476388355959158e-13 -2.259582505564978922e-12 1.584344829657737758e-12 1.450606346073093256e-12 4.534789489184682048e-14 1.249175840825940323e-12
-1.665311893742515169e-12 -1.099395920270093623e-12 -1.077779431698939633e-13 -1.823376813233642590e-12 3.057329662377616009e-13 3.297635764431717701e-13 -4.320251945137899011e-13 4.794411780762668222e-13
-1.282343715810542499e-12 -2.291358485236175571e-13 -1.538424608365281626e-13 -8.566586725085497154e-13 -1.595050736874338059e-13 3.213926223912377513e-13 3.868095882839442281e-13 -5.902924022150160796e-13
-9.131463071708706207e-13 2.977614490349819001e-13 2.112406813156838215e-14 -3.007590395603622831e-14 1.495655187775467461e-13 5.178384787667039119e-13 1.696254138225807753e-13 1.525396935514712248e-13
-1.474322855045306510e-12 -2.429582307531473367e-12 1.728971746704900436e-12 5.594856184825801893e-12 9.909834638540749361e-13 3.211970553437452685e-11 -1.147377261444746826e-10 6.631013216789240973e-11
-1.812999223056584999e-12 -3.215145127157405481e-12 7.248258601201527151e-12 5.306125148967133897e-12 -5.448374431689529033e-12 3.093721357642261822e-11 -1.014882918558821049e-10 6.282344785170878150e-11
-2.213336830288945705e-12 -4.135470108718303119e-12 1.352104724881012255e-11 4.954452419694614956e-12 -1.322956064154218890e-11 2.998331406545514083e-11 -8.211524321909862172e-11 5.598904722339905052e-11
-2.655450072498210415e-12 -5.135178264474388986e-12 1.977649399256625119e-11 4.589165695248549621e-12 -2.121965759071248223e-11 2.919307958453051935e-11 -5.822049854537366823e-11 4.259638931575039129e-11
-3.033569185061759031e-12 -6.025934687427105750e-12 2.437502739913504969e-11 4.071085143520725564e-12 -2.686971502269777167e-11 2.833975295544279711e-11 -3.391733375580628261e-11 2.171603706547842207e-11
-3.190626659349709091e-12 -6.540857116946439114e-12 2.401683425467504831e-11 2.729678884718650327e-12 -2.506871593358332193e-11 2.547150812187402076e-11 -1.472284302030383154e-11 7.350504484068849969e-12
-3.140083749061901080e-12 -6.620928342088463341e-12 1.883900196905956641e-11 8.292300674618346522e-13 -1.658997040221644021e-11 2.137785179153647100e-11 -3.839817840428183880e-13 1.179717327787875552e-12
-3.008386977007731872e-12 -6.334345616064503676e-12 1.274538130224083622e-11 -7.883160328662782502e-13 -7.239828695257126825e-12 1.674048641440298982e-11 7.600612214661662783e-12 -1.089689330398567397e-12
-2.873756222945578109e-12 -5.722407343781164202e-12 7.830714133590562901e-12 -1.714396039530332363e-12 -8.254844020063531804e-13 1.207064158016684117e-11 9.826152733083874212e-12 -2.020258884030113727e-12
-2.708393788942103468e-12 -4.820392517243597336e-12 4.335175959528241976e-12 -2.205274311087777742e-12 2.182769059175884500e-12 7.924070943740665662e-12 5.649148101544414593e-12 9.910586689250038908e-13
-2.483713977109104573e-12 -3.687158196861928771e-12 1.840774081028891729e-12 -2.353806941068329423e-12 2.814580469701777092e-12 4.237121539193725917e-12 1.875024167274200336e-12 1.237483895954059618e-12
-2.185984587210819358e-12 -2.441921919742262776e-12 4.788639181264557462e-13 -2.328136250500942749e-12 1.782711121024485791e-12 1.425641470376860511e-12 8.016954557631570134e-14 1.474311998616654273e-12
-1.814804907261673905e-12 -1.265327675534055442e-12 -7.919719016014164841e-14 -1.876212770183074177e-12 4.276288038789804115e-13 2.528139146926261350e-13 -4.123476633817326979e-13 4.466848248269621659e-13
-1.409043176631301180e-12 -3.052882585378932803e-13 -1.918573500589575076e-13 -8.534128932864555881e-13 -1.506725246585958906e-13 3.016616800723952162e-13 3.645999212639089495e-13 -6.790504155075858490e-13
-1.011894967465309631e-12 2.943207997556864802e-13 -3.275667016379507474e-14 3.371877506414808004e-14 1.251618040650509820e-13 5.413871162334416554e-13 1.913029243226383611e-13 2.204074815862493753e-13
-1.449621230200549071e-12 -2.407252736775593985e-12 1.989323625021391102e-12 5.459373918556553263e-12 5.859278949626135618e-13 3.106751224126859089e-11 -1.100858029253054536e-10 6.375325300715554861e-11
-1.779162546231572653e-12 -3.168344029676931800e-12 7.287088716730354190e-12 5.172063729715457593e-12 -5.622683717279541820e-12 2.994136961310639029e-11 -9.674120270566557301e-11 5.965613644747486464e-11
-2.162795011871797908e-12 -4.052352812206401574e-12 1.324056336686755503e-11 4.816961771105326633e-12 -1.298121059668206317e-11 2.899833375049062416e-11 -7.773380741070197882e-11 5.241653382213437170e-11
-2.577488014713877238e-12 -5.000287869526653603e-12 1.903715307533295482e-11 4.415350159201152680e-12 -2.029220278578885644e-11 2.809144036048474964e-11 -5.485847329989405554e-11 3.945920869447506429e-11
-2.923558434023479057e-12 -5.827509105576011545e-12 2.306078108100947525e-11 3.837208571433673746e-12 -2.513366646281112437e-11 2.710281519310859542e-11 -3.190274860546629822e-11 2.020451162916002503e-11
-3.075040834919506955e-12 -6.310753524106186878e-12 2.270229676173649337e-11 2.560282691680116844e-12 -2.345050530534068003e-11 2.444853187348599139e-11 -1.367490828324426537e-11 6.807022870861062716e-12
-3.034088822797622105e-12 -6.380476700100377645e-12 1.801186347405270850e-11 8.105091047899549672e-13 -1.577115657914878945e-11 2.061394472509297907e-11 -3.462603685851888993e-13 8.516713572977679527e-13
-2.910712733062619683e-12 -6.092658656979928571e-12 1.233253626451047150e-11 -7.064654720242747269e-13 -7.135543683125167569e-12 1.625030632284998346e-11 6.950140902050311565e-12 -1.257734046773684054e-12
-2.775032126565134120e-12 -5.491607869671118567e-12 7.625154500607308746e-12 -1.625453561500667211e-12 -1.076759110298047876e-12 1.185166996097939697e-11 9.041315518237903033e-12 -2.147372596222500659e-12
-2.606827496373067349e-12 -4.604809842849528434e-12 4.240417175757500950e-12 -2.107972025590711477e-12 1.847122635014762726e-12 7.751894232042258303e-12 5.136139163433479668e-12 6.806915285256346850e-13
-2.382524184808147314e-12 -3.504559920801156611e-12 1.838828855947458385e-12 -2.262674297535453482e-12 2.478087804466615706e-12 4.118237179780440353e-12 1.624745707104980085e-12 1.047934418292346660e-12
-2.090609060573401820e-12 -2.313007659029404928e-12 5.339704211467328382e-13 -2.253416575951485448e-12 1.548314015399190082e-12 1.391282536413045856e-12 7.501956678217217992e-14 1.372802481510470598e-12
-1.732485495977183240e-12 -1.195339055575361402e-12 -2.109442959966881328e-15 -1.807932781136229689e-12 3.510542588946920931e-13 1.811716322530251118e-13 -3.765420915898737963e-13 4.989264207084988637e-13
-1.344613899971781239e-12 -2.911083708863078065e-13 -1.182085334416469342e-13 -8.217453772124100256e-13 -1.231825073619830717e-13 2.149790114454033287e-13 4.131827686714940221e-13 -6.479077305499382420e-13
-9.665008682716184580e-13 2.758725523959322517e-13 1.077986846042537358e-14 3.444692381674263176e-14 1.508966402921908151e-13 4.675151420158500102e-13 1.083773232687546587e-13 2.416446359309854161e-13
-1.489499891383625497e-12 -2.404444486539970028e-12 1.178308580440605228e-12 5.697665442325439374e-12 1.313631333034165663e-12 3.320112552386876120e-11 -1.157372398114213048e-10 6.320741504622994306e-11
-1.829887721139414685e-12 -3.195164501755967985e-12 6.720468390446052035e-12 5.442181716412359036e-12 -5.079096829928722380e-12 3.210657496565590671e-11 -1.032560561927951199e-10 5.981618240550705818e-11
-2.232178226449054504e-12 -4.129030512808032811e-12 1.312030302148188481e-11 5.108476549198690679e-12 -1.289160863175225015e-11 3.110471135590165116e-11 -8.466303270980462766e-11 5.402124082774846209e-11
-2.680900980214982562e-12 -5.153783170358498229e-12 1.961052996535786300e-11 4.742326606011909216e-12 -2.106116702435898704e-11 3.021069272246508880e-11 -6.158766177918306118e-11 4.231780987579110670e-11
-3.080287180499305910e-12 -6.085493640990842168e-12 2.462095635563604927e-11 4.254970600506706222e-12 -2.728037050715930222e-11 2.945186348832409249e-11 -3.745350977414983755e-11 2.278009043962763008e-11
-3.289716779881819640e-12 -6.682559965741047657e-12 2.535830822354097154e-11 3.091122437245950189e-12 -2.711569283340858169e-11 2.704784951424661794e-11 -1.761828472866377421e-11 7.630690387779312694e-12
-3.269686072993595201e-12 -6.819630461034545296e-12 2.087032731066859067e-11 1.267425327035865072e-12 -1.956483712314500994e-11 2.300977205468706948e-11 -2.936748194428691544e-12 8.166773910775844383e-13
-3.141206369842079373e-12 -6.563235212210440615e-12 1.467522098948889511e-11 -4.472442401400356240e-13 -9.977811977881643809e-12 1.821164477698344468e-11 5.920936007202052905e-12 -1.616713839575045654e-12
-2.993405764913791224e-12 -5.959959729216985165e-12 9.264681313220919822e-12 -1.536427507141111942e-12 -2.701046290011723797e-12 1.320114250918251487e-11 9.115626951968816540e-12 -2.564569742482320165e-12
-2.818156873463470404e-12 -5.042604420001450623e-12 5.309092976289610572e-12 -2.096625108200498676e-12 1.156169212790690836e-12 8.429666022642406506e-12 5.491159206056390003e-12 6.266658324608902422e-13
-2.589402511359627814e-12 -3.894408307090530809e-12 2.476655983791152937e-12 -2.293428480212188007e-12 2.330151304274522928e-12 4.363652896753381071e-12 1.752880653179312780e-12 1.441683134093658894e-12
-2.291094164635115189e-12 -2.633255815819812280e-12 8.644230823404914550e-13 -2.300626682839467498e-12 1.655535557474142378e-12 1.325122612278010256e-12 1.108893304542278026e-13 1.676313376011808782e-12
-1.919186560924600252e-12 -1.422579777858359012e-12 1.308328533247554998e-13 -1.834010030078132252e-12 4.810038301209553735e-13 -2.272255862045233919e-14 -3.177243469360028216e-13 4.898804782958338012e-13
-1.507934155041011309e-12 -4.133848243530518748e-13 -1.086984660744783193e-13 -7.850251750760557634e-13 -8.587489055185053131e-14 9.638814162200552118e-14 4.345131910112692208e-13 -7.977261405534522781e-13
-1.098572682425668176e-12 2.508392466629488763e-13 -3.810796593691866966e-14 1.485189030899272999e-13 1.309487489451123246e-13 4.376292833131560278e-13 7.308510839455445330e-14 3.713048352290679275e-13
-1.532168300212280022e-12 -2.400867419451930980e-12 3.034449122638574804e-13 5.953288811266525973e-12 2.098677084541168925e-12 3.549493671457232607e-11 -1.218111218339097638e-10 6.261240833329470629e-11
-1.884130376783223468e-12 -3.223350246209646524e-12 6.107719025006991850e-12 5.731925022418113792e-12 -4.490041548947142268e-12 3.443351080365500903e-11 -1.102678395668774048e-10 5.999153531469324352e-11
-2.306430135105029375e-12 -4.210762610660546224e-12 1.298712505132124795e-11 5.421068873273045396e-12 -1.278979863872504713e-11 3.336779846435372667e-11 -9.212701851503158153e-11 5.576089390799670934e-11
-2.791811486645909003e-12 -5.318180243249828565e-12 2.022463488663811134e-11 5.093337915052056754e-12 -2.188506480001005137e-11 3.248858577040358775e-11 -6.883979863718313690e-11 4.541371626355717312e-11
-3.248775644008868279e-12 -6.362563909621579630e-12 2.630106450631425694e-11 4.704693509104394735e-12 -2.959386143296294473e-11 3.197993021889469295e-11 -4.343462470268267885e-11 2.556794697600863709e-11
-3.520709632648317159e-12 -7.082379473877290594e-12 2.822185403233953526e-11 3.663382394167624887e-12 -3.106906095461790847e-11 2.984626018188268815e-11 -2.186757750552348741e-11 8.521858496109189728e-12
-3.523026913780577793e-12 -7.291840062239777575e-12 2.394755694124082178e-11 1.759068408789225755e-12 -2.364981476246132900e-11 2.558674451046974483e-11 -5.727901791678351081e-12 7.838440803567017400e-13
-3.388925277600860499e-12 -7.069309336305146003e-12 1.719376585061607687e-11 -1.693846335612111716e-13 -1.303290581670637584e-11 2.031981576489779033e-11 4.817236193299289362e-12 -1.999292157856215809e-12
-3.228082901313804920e-12 -6.463700139812380264e-12 1.102560533904822648e-11 -1.441602751331655378e-12 -4.442985960713408548e-12 1.464884456515974496e-11 9.201194861790767623e-12 -3.011114301498239910e-12
-3.045349191168446738e-12 -5.513658372601071236e-12 6.456494564686204326e-12 -2.085126364618236219e-12 4.180150366109862563e-13 9.154572299445984428e-12 5.878479774420003089e-12 5.724873383935048012e-13
-2.811921699639269857e-12 -4.314132938895670985e-12 3.161184762188435222e-12 -2.327061172400207942e-12 2.175315516055838517e-12 4.625256026129449040e-12 1.894438845679099181e-12 1.870264786919700172e-12
-2.506843800097439313e-12 -2.978182970179387925e-12 1.218587451527101126e-12 -2.351543771561066531e-12 1.774534879129344485e-12 1.252025067582280124e-12 1.514531282948924563e-13 2.005262448905918820e-12
-2.120166878325463220e-12 -1.667390000150662009e-12 2.726180956349158729e-13 -1.862111555471060737e-12 6.231610999126823331e-13 -2.425573024435277639e-13 -2.531607912694321670e-13 4.803842632842842051e-13
-1.683770899761497251e-12 -5.450552090453714169e-13 -9.959863548463774405e-14 -7.455094721735497174e-13 -4.503292143603893635e-14 -3.084551155885127602e-14 4.565624400139279164e-13 -9.572569386919971022e-13
-1.240760168284040591e-12 2.239724489718676408e-13 -9.159126021600437021e-14 2.712961463722926577e-13 1.094749310241661938e-13 4.058815777649510444e-13 3.543503179669969935e-14 5.113629355769299137e-13
-1.536901586857946439e-12 -2.385561483004608035e-12 6.599551787839837448e-14 5.991688011192707233e-12 2.180252812114736724e-12 3.589891416042659398e-11 -1.215616199295625945e-10 6.035972023775528796e-11
-1.889204504255833589e-12 -3.206179517354003773e-12 5.834245872411105777e-12 5.791625394551099379e-12 -4.363295158487310732e-12 3.492417987943022816e-11 -1.102587680026217768e-10 5.742103995093039222e-11
-2.310515510152228745e-12 -4.195846487640858327e-12 1.273484857062167081e-11 5.496773050576783546e-12 -1.262099337415943733e-11 3.385286134687633697e-11 -9.255777927685908825e-11 5.363230874419842316e-11
-2.795143158152240100e-12 -5.308662799904193381e-12 2.002853511405624319e-11 5.169462522817147822e-12 -2.170406693612380641e-11 3.290839864809164650e-11 -6.979496317233138480e-11 4.415174943909304610e-11
-3.255568630781561165e-12 -6.363609331474551668e-12 2.621831305357283029e-11 4.780873921558968888e-12 -2.951811345001472779e-11 3.236965885117748733e-11 -4.484238268745212829e-11 2.519561067835223778e-11
-3.545972008281557435e-12 -7.109518026695014904e-12 2.850865084033372749e-11 3.799948167889617590e-12 -3.157457396411871884e-11 3.042955972510444012e-11 -2.322100141769251898e-11 8.457931750576235391e-12
-3.576133393443758764e-12 -7.358636680202043486e-12 2.490778380554959804e-11 2.011956058578839962e-12 -2.514269515217429909e-11 2.640570208413144433e-11 -7.090538783509565517e-12 3.467612975328225211e-13
-3.449016043746319004e-12 -7.151810174490059810e-12 1.828561510372845299e-11 7.969276401531472487e-14 -1.469693616549930519e-11 2.111379572798223967e-11 3.582552741756892245e-12 -2.452010908091777903e-12
-3.281836806153462664e-12 -6.554672104919348095e-12 1.191916213030071179e-11 -1.282569442684065234e-12 -5.761357834467629750e-12 1.534433215695105106e-11 8.483830334921455890e-12 -3.413071854756100684e-12
-3.091606081460201165e-12 -5.599226325261740122e-12 7.093871644503343316e-12 -1.974997389259487957e-12 -4.288380760563404573e-13 9.548779352440060082e-12 5.547187789253755629e-12 1.598650293653887941e-13
-2.853797511973473282e-12 -4.392357297755927795e-12 3.595331215875504039e-12 -2.248941963021505296e-12 1.687246514572139044e-12 4.759813238113330939e-12 1.680458243493750398e-12 1.773499699249517664e-12
-2.547009600736943447e-12 -3.053322797976010776e-12 1.498500211117813355e-12 -2.301071246367641846e-12 1.535734050051707952e-12 1.258750130910786012e-12 2.129324724959500901e-14 2.091141836822976664e-12
-2.160770364575594569e-12 -1.735270222811540072e-12 4.456798354466778952e-13 -1.812096055698421052e-12 5.535318318788440800e-13 -3.761155986370685819e-13 -2.569893340858421320e-13 4.627487447374636220e-13
-1.724209913124839967e-12 -6.010411983995004483e-13 -4.517398008826991409e-15 -6.971328361733631507e-13 -4.690691752105551978e-14 -1.480094782424805426e-13 5.399468147983386129e-13 -1.107412219793623741e-12
-1.278810362929682854e-12 1.918917826846414977e-13 -5.583476735267293406e-14 3.344352966771643861e-13 1.036947621896018465e-13 3.354984680134054174e-13 -4.082660537446246489e-15 5.068331697820626922e-13
-1.588184694719381247e-12 -2.363191615578124723e-12 -1.156122382217819176e-12 6.311715077751720587e-12 3.117057552190105921e-12 3.883866933941479686e-11 -1.277717343178322026e-10 5.698626253533183018e-11
-1.953437528696532822e-12 -3.215226484841265629e-12 4.844435047461927834e-12 6.174242853399842961e-12 -3.584748634568519234e-12 3.801094944492536669e-11 -1.177300343788070744e-10 5.441172059082590851e-11
-2.395122270823559127e-12 -4.265044339607781661e-12 1.228428722025466593e-11 5.924883376171138733e-12 -1.231626867066744245e-11 3.686943087089390739e-11 -1.010312306552487940e-10 5.281271701062369492e-11
-2.918303692864119964e-12 -5.473113049395480853e-12 2.044922254883249579e-11 5.642097909892078018e-12 -2.238146688076265286e-11 3.586821254382113385e-11 -7.864759530682829755e-11 4.581238507782165769e-11
-3.444412430199103233e-12 -6.661869673132261296e-12 2.792358745055041146e-11 5.360241088565996309e-12 -3.191682328098420621e-11 3.555391197949224649e-11 -5.289987176166329010e-11 2.756700479068200539e-11
-3.822094068042221829e-12 -7.568464681752772251e-12 3.188760738993818895e-11 4.574487091550898303e-12 -3.636525654771648039e-11 3.410959315821606036e-11 -2.938615694780705486e-11 9.237242712972973916e-12
-3.911116797776941774e-12 -7.943905128653299961e-12 2.934842805024891317e-11 2.845982139846765094e-12 -3.131044262916515723e-11 3.016975083087301308e-11 -1.170572786063325169e-11 -2.743170517310546609e-13
-3.787522653521687042e-12 -7.793154690738454556e-12 2.232625583548415383e-11 6.889304143313118488e-13 -2.002022548306872765e-11 2.434768841550923775e-11 8.762708188564337992e-13 -3.457000139584840870e-12
-3.599865362856223469e-12 -7.204210324068158262e-12 1.493551476775684019e-11 -9.706963704906214791e-13 -9.302507732914437050e-12 1.775955142523366621e-11 7.643766792134409453e-12 -4.413910313695111901e-12
-3.392228694870302876e-12 -6.208339976490699184e-12 9.138147024842233970e-12 -1.818928055049748505e-12 -2.324723019977469931e-12 1.085434589681952745e-11 5.509335792536255657e-12 -4.324627627732785189e-13
-3.143347085312460957e-12 -4.936057973022984531e-12 4.882612616485066018e-12 -2.180883706703408281e-12 8.779999322352668795e-13 5.231573327934772587e-12 1.538311856105439077e-12 2.075846076861913726e-12
-2.826619734416738566e-12 -3.512104051166975205e-12 2.235999031751184826e-12 -2.286266336072377561e-12 1.334907979695870871e-12 1.208184689720314815e-12 -1.282442071463325599e-13 2.525981580501645914e-12
-2.424572726624966824e-12 -2.078086361118056658e-12 8.198160840220947774e-13 -1.776866248179837466e-12 5.935992578614689920e-13 -7.543993677354903787e-13 -2.083810926820989663e-13 4.002667096822232691e-13
-1.960661987507464199e-12 -8.085649583767425184e-13 1.303719566249038074e-13 -5.927165116821364067e-13 -2.355896524712102804e-14 -4.192682131615320078e-13 6.519450960371595019e-13 -1.471631708448126492e-12
-1.476426834604765461e-12 1.239154906130583504e-13 -6.147783550431352488e-14 5.437543976507661616e-13 6.597152323986598731e-14 2.172453231005271310e-13 -8.448588072420491735e-14 6.275481492842539336e-13
-1.651247583216284525e-12 -2.312918961871694539e-12 -2.863948578083486697e-12 6.723844669343720419e-12 4.218706158214616465e-12 4.266197931715358680e-11 -1.338228469536024363e-10 4.891092675585748808e-11
-2.032158354898699653e-12 -3.192342210651435681e-12 3.281908096928243602e-12 6.696288969042879639e-12 -2.596615263669437484e-12 4.220498405704995058e-11 -1.252662950535821600e-10 4.541036299837335993e-11
-2.494770087345264246e-12 -4.309426841115432719e-12 1.131806283549990915e-11 6.538224037757518421e-12 -1.177330173026594054e-11 4.103069085946043479e-11 -1.102567216202787690e-10 4.653887793856649807e-11
-3.057921606713878160e-12 -5.628787212781670242e-12 2.051590476038240610e-11 6.322629610034771825e-12 -2.286651225728974459e-11 3.988344483698904220e-11 -8.908518696591808422e-11 4.365542492130739689e-11
-3.657241031512822366e-12 -6.978815071662074124e-12 2.956639832372122598e-11 6.156281711744985924e-12 -3.435846633996070260e-11 3.969129989958409441e-11 -6.347440025889049236e-11 2.775588498383839245e-11
-4.148441443599676349e-12 -8.089632896858065304e-12 3.575001707628632755e-11 5.633701529709862392e-12 -4.199285741557693232e-11 3.893944533050063371e-11 -3.816456576100390088e-11 8.785117995971735923e-12
-4.356074726058576248e-12 -8.672029039486914898e-12 3.562341145466019865e-11 4.202680004427153055e-12 -4.038262798929338655e-11 3.571716664762922105e-11 -1.891720076022087532e-11 -2.395516332152794107e-12
-4.264370390281822693e-12 -8.622546845270131222e-12 2.887871119957329166e-11 1.902446208671080779e-12 -2.917090055258356207e-11 2.942161951987185878e-11 -4.590119831228469007e-12 -5.880607771075775454e-12
-4.053404245363413262e-12 -8.060231053256266030e-12 2.028323133996012053e-11 -1.679859371571906376e-13 -1.632231490346692412e-11 2.185274845147880110e-11 4.786308889069345994e-12 -6.641742774909983844e-12
-3.809322576592401884e-12 -7.019076573682200772e-12 1.292373147134701567e-11 -1.341559231891213761e-12 -6.692891190861526753e-12 1.343041956969420162e-11 4.325932130916701289e-12 -2.127539071144124142e-12
-3.533643623987971126e-12 -5.652835954153327229e-12 7.355656904013552639e-12 -1.869524942952248641e-12 -1.433791732118030412e-12 6.262144247562553838e-12 6.326595817355136331e-13 1.819937809600727073e-12
-3.197255727659716063e-12 -4.124410991557055905e-12 3.742898556524741002e-12 -2.099648974281988708e-12 2.859398326008000715e-13 1.343371640618422337e-12 -8.176922027399031799e-13 2.881963976143953066e-12
-2.774592357969191649e-12 -2.554425648652047764e-12 1.672686932386248752e-12 -1.601294491718994831e-12 2.326102315008514445e-13 -1.236459989774555800e-12 -3.411170936475840976e-13 9.317388502861179254e-14
-2.279514140100111608e-12 -1.121297237340692707e-12 5.524286752804110392e-13 -3.508230805694360152e-13 -1.697255523514265704e-13 -8.947854529121528248e-13 8.065332122643702860e-13 -2.248064943132514764e-12
-1.750124343964035510e-12 -9.166402720154267582e-15 7.749196196655900601e-14 9.036044548204778699e-13 -6.495491469885791139e-14 -4.445277823011077108e-14 -2.204723943748539080e-13 5.578004740708139196e-13
0.000000000000000000e+00 0.000000000000000000e+00 0.000000000000000000e+00 0.000000000000000000e+00 0.000000000000000000e+00 0.000000000000000000e+00 0.000000000000000000e+00 0.000000000000000000e+00
0.000000000000000000e+00 0.000000000000000000e+00 0.000000000000000000e+00 0.000000000000000000e+00 0.000000000000000000e+00 0.000000000000000000e+00 0.000000000000000000e+00 0.000000000000000000e+00
0.000000000000000000e+00 0.000000000000000000e+00 0.000000000000000000e+00 0.000000000000000000e+00 0.000000000000000000e+00 0.000000000000000000e+00 0.000000000000000000e+00 0.000000000000000000e+00
0.000000000000000000e+00 0.000000000000000000e+00 0.000000000000000000e+00 0.000000000000000000e+00 0.000000000000000000e+00 0.000000000000000000e+00 0.000000000000000000e+00 0.000000000000000000e+00
0.000000000000000000e+00 0.000000000000000000e+00 0.000000000000000000e+00 0.000000000000000000e+00 0.000000000000000000e+00 0.000000000000000000e+00 0.000000000000000000e+00 0.000000000000000000e+00
0.000000000000000000e+00 0.000000000000000000e+00 0.000000000000000000e+00 0.000000000000000000e+00 0.000000000000000000e+00 0.000000000000000000e+00 0.000000000000000000e+00 0.000000000000000000e+00
0.000000000000000000e+00 0.000000000000000000e+00 0.000000000000000000e+00 0.000000000000000000e+00 0.000000000000000000e+00 0.000000000000000000e+00 0.000000000000000000e+00 0.000000000000000000e+00
0.000000000000000000e+00 0.000000000000000000e+00 0.000000000000000000e+00 0.000000000000000000e+00 0.000000000000000000e+00 0.000000000000000000e+00 0.000000000000000000e+00 0.000000000000000000e+00
0.000000000000000000e+00 0.000000000000000000e+00 0.000000000000000000e+00 0.000000000000000000e+00 0.000000000000000000e+00 0.000000000000000000e+00 0.000000000000000000e+00 0.000000000000000000e+00
0.000000000000000000e+00 0.000000000000000000e+00 0.000000000000000000e+00 0.000000000000000000e+00 0.000000000000000000e+00 0.000000000000000000e+00 0.000000000000000000e+00 0.000000000000000000e+00
0.000000000000000000e+00 0.000000000000000000e+00 0.000000000000000000e+00 0.000000000000000000e+00 0.000000000000000000e+00 0.000000000000000000e+00 0.000000000000000000e+00 0.000000000000000000e+00
0.000000000000000000e+00 0.000000000000000000e+00 0.000000000000000000e+00 0.000000000000000000e+00 0.000000000000000000e+00 0.000000000000000000e+00 0.000000000000000000e+00 0.000000000000000000e+00
0.000000000000000000e+00 0.000000000000000000e+00 0.000000000000000000e+00 0.000000000000000000e+00 0.000000000000000000e+00 0.000000000000000000e+00 0.000000000000000000e+00 0.000000000000000000e+00
0.000000000000000000e+00 0.000000000000000000e+00 0.000000000000000000e+00 0.000000000000000000e+00 0.000000000000000000e+00 0.000000000000000000e+00 0.000000000000000000e+00 0.000000000000000000e+00
0.000000000000000000e+00 0.000000000000000000e+00 0.000000000000000000e+00 0.000000000000000000e+00 0.000000000000000000e+00 0.000000000000000000e+00 0.000000000000000000e+00 0.000000000000000000e+00
0.000000000000000000e+00 0.000000000000000000e+00 0.000000000000000000e+00 0.000000000000000000e+00 0.000000000000000000e+00 0.000000000000000000e+00 0.000000000000000000e+00 0.000000000000000000e+00
0.000000000000000000e+00 0.000000000000000000e+00 0.000000000000000000e+00 0.000000000000000000e+00 0.000000000000000000e+00 0.000000000000000000e+00 0.000000000000000000e+00 0.000000000000000000e+00
0.000000000000000000e+00 0.000000000000000000e+00 0.000000000000000000e+00 0.000000000000000000e+00 0.000000000000000000e+00 0.000000000000000000e+00 0.000000000000000000e+00 0.000000000000000000e+00
0.000000000000000000e+00 0.000000000000000000e+00 0.000000000000000000e+00 0.000000000000000000e+00 0.000000000000000000e+00 0.000000000000000000e+00 0.000000000000000000e+00 0.000000000000000000e+00
0.000000000000000000e+00 0.000000000000000000e+00 0.000000000000000000e+00 0.000000000000000000e+00 0.000000000000000000e+00 0.000000000000000000e+00 0.000000000000000000e+00 0.000000000000000000e+00
0.000000000000000000e+00 0.000000000000000000e+00 0.000000000000000000e+00 0.000000000000000000e+00 0.000000000000000000e+00 0.000000000000000000e+00 0.000000000000000000e+00 0.000000000000000000e+00
0.000000000000000000e+00 0.000000000000000000e+00 0.000000000000000000e+00 0.000000000000000000e+00 0.000000000000000000e+00 0.000000000000000000e+00 0.000000000000000000e+00 0.000000000000000000e+00
0.000000000000000000e+00 0.000000000000000000e+00 0.000000000000000000e+00 0.000000000000000000e+00 0.000000000000000000e+00 0.000000000000000000e+00 0.000000000000000000e+00 0.000000000000000000e+00
0.000000000000000000e+00 0.000000000000000000e+00 0.000000000000000000e+00 0.000000000000000000e+00 0.000000000000000000e+00 0.000000000000000000e+00 0.000000000000000000e+00 0.000000000000000000e+00
0.000000000000000000e+00 0.000000000000000000e+00 0.000000000000000000e+00 0.000000000000000000e+00 0.000000000000000000e+00 0.000000000000000000e+00 0.000000000000000000e+00 0.000000000000000000e+00
0.000000000000000000e+00 0.000000000000000000e+00 0.000000000000000000e+00 0.000000000000000000e+00 0.000000000000000000e+00 0.000000000000000000e+00 0.000000000000000000e+00 0.000000000000000000e+00
0.000000000000000000e+00 0.000000000000000000e+00 0.000000000000000000e+00 0.000000000000000000e+00 0.000000000000000000e+00 0.000000000000000000e+00 0.000000000000000000e+00 0.000000000000000000e+00
0.000000000000000000e+00 0.000000000000000000e+00 0.000000000000000000e+00 0.000000000000000000e+00 0.000000000000000000e+00 0.000000000000000000e+00 0.000000000000000000e+00 0.000000000000000000e+00
0.000000000000000000e+00 0.000000000000000000e+00 0.000000000000000000e+00 0.000000000000000000e+00 0.000000000000000000e+00 0.000000000000000000e+00 0.000000000000000000e+00 0.000000000000000000e+00
0.000000000000000000e+00 0.000000000000000000e+00 0.000000000000000000e+00 0.000000000000000000e+00 0.000000000000000000e+00 0.000000000000000000e+00 0.000000000000000000e+00 0.000000000000000000e+00
0.000000000000000000e+00 0.000000000000000000e+00 0.000000000000000000e+00 0.000000000000000000e+00 0.000000000000000000e+00 0.000000000000000000e+00 0.000000000000000000e+00 0.000000000000000000e+00
0.000000000000000000e+00 0.000000000000000000e+00 0.000000000000000000e+00 0.000000000000000000e+00 0.000000000000000000e+00 0.000000000000000000e+00 0.000000000000000000e+00 0.000000000000000000e+00
0.000000000000000000e+00 0.000000000000000000e+00 0.000000000000000000e+00 0.000000000000000000e+00 0.000000000000000000e+00 0.000000000000000000e+00 0.000000000000000000e+00 0.000000000000000000e+00
0.000000000000000000e+00 0.000000000000000000e+00 0.000000000000000000e+00 0.000000000000000000e+00 0.000000000000000000e+00 0.000000000000000000e+00 0.000000000000000000e+00 0.000000000000000000e+00
0.000000000000000000e+00 0.000000000000000000e+00 0.000000000000000000e+00 0.000000000000000000e+00 0.000000000000000000e+00 0.000000000000000000e+00 0.000000000000000000e+00 0.000000000000000000e+00
0.000000000000000000e+00 0.000000000000000000e+00 0.000000000000000000e+00 0.000000000000000000e+00 0.000000000000000000e+00 0.000000000000000000e+00 0.000000000000000000e+00 0.000000000000000000e+00
0.000000000000000000e+00 0.000000000000000000e+00 0.000000000000000000e+00 0.000000000000000000e+00 0.000000000000000000e+00 0.000000000000000000e+00 0.000000000000000000e+00 0.000000000000000000e+00
0.000000000000000000e+00 0.000000000000000000e+00 0.000000000000000000e+00 0.000000000000000000e+00 0.000000000000000000e+00 0.000000000000000000e+00 0.000000000000000000e+00 0.000000000000000000e+00
0.000000000000000000e+00 0.000000000000000000e+00 0.000000000000000000e+00 0.000000000000000000e+00 0.000000000000000000e+00 0.000000000000000000e+00 0.000000000000000000e+00 0.000000000000000000e+00
0.000000000000000000e+00 0.000000000000000000e+00 0.000000000000000000e+00 0.000000000000000000e+00 0.000000000000000000e+00 0.000000000000000000e+00 0.000000000000000000e+00 0.000000000000000000e+00
0.000000000000000000e+00 0.000000000000000000e+00 0.000000000000000000e+00 0.000000000000000000e+00 0.000000000000000000e+00 0.000000000000000000e+00 0.000000000000000000e+00 0.000000000000000000e+00
0.000000000000000000e+00 0.000000000000000000e+00 0.000000000000000000e+00 0.000000000000000000e+00 0.000000000000000000e+00 0.000000000000000000e+00 0.000000000000000000e+00 0.000000000000000000e+00
0.000000000000000000e+00 0.000000000000000000e+00 0.000000000000000000e+00 0.000000000000000000e+00 0.000000000000000000e+00 0.000000000000000000e+00 0.000000000000000000e+00 0.000000000000000000e+00
0.000000000000000000e+00 0.000000000000000000e+00 0.000000000000000000e+00 0.000000000000000000e+00 0.000000000000000000e+00 0.000000000000000000e+00 0.000000000000000000e+00 0.000000000000000000e+00
0.000000000000000000e+00 0.000000000000000000e+00 0.000000000000000000e+00 0.000000000000000000e+00 0.000000000000000000e+00 0.000000000000000000e+00 0.000000000000000000e+00 0.000000000000000000e+00
0.000000000000000000e+00 0.000000000000000000e+00 0.000000000000000000e+00 0.000000000000000000e+00 0.000000000000000000e+00 0.000000000000000000e+00 0.000000000000000000e+00 0.000000000000000000e+00
0.000000000000000000e+00 0.000000000000000000e+00 0.000000000000000000e+00 0.000000000000000000e+00 0.000000000000000000e+00 0.000000000000000000e+00 0.000000000000000000e+00 0.000000000000000000e+00
0.000000000000000000e+00 0.000000000000000000e+00 0.000000000000000000e+00 0.000000000000000000e+00 0.000000000000000000e+00 0.000000000000000000e+00 0.000000000000000000e+00 0.000000000000000000e+00
0.000000000000000000e+00 0.000000000000000000e+00 0.000000000000000000e+00 0.000000000000000000e+00 0.000000000000000000e+00 0.000000000000000000e+00 0.000000000000000000e+00 0.000000000000000000e+00
0.000000000000000000e+00 0.000000000000000000e+00 0.000000000000000000e+00 0.000000000000000000e+00 0.000000000000000000e+00 0.000000000000000000e+00 0.000000000000000000e+00 0.000000000000000000e+00
0.000000000000000000e+00 0.000000000000000000e+00 0.000000000000000000e+00 0.000000000000000000e+00 0.000000000000000000e+00 0.000000000000000000e+00 0.000000000000000000e+00 0.000000000000000000e+00
0.000000000000000000e+00 0.000000000000000000e+00 0.000000000000000000e+00 0.000000000000000000e+00 0.000000000000000000e+00 0.000000000000000000e+00 0.000000000000000000e+00 0.000000000000000000e+00
0.000000000000000000e+00 0.000000000000000000e+00 0.000000000000000000e+00 0.000000000000000000e+00 0.000000000000000000e+00 0.000000000000000000e+00 0.000000000000000000e+00 0.000000000000000000e+00
0.000000000000000000e+00 0.000000000000000000e+00 0.000000000000000000e+00 0.000000000000000000e+00 0.000000000000000000e+00 0.000000000000000000e+00 0.000000000000000000e+00 0.000000000000000000e+00
0.000000000000000000e+00 0.000000000000000000e+00 0.000000000000000000e+00 0.000000000000000000e+00 0.000000000000000000e+00 0.000000000000000000e+00 0.000000000000000000e+00 0.000000000000000000e+00
0.000000000000000000e+00 0.000000000000000000e+00 0.000000000000000000e+00 0.000000000000000000e+00 0.000000000000000000e+00 0.000000000000000000e+00 0.000000000000000000e+00 0.000000000000000000e+00
0.000000000000000000e+00 0.000000000000000000e+00 0.000000000000000000e+00 0.000000000000000000e+00 0.000000000000000000e+00 0.000000000000000000e+00 0.000000000000000000e+00 0.000000000000000000e+00
0.000000000000000000e+00 0.000000000000000000e+00 0.000000000000000000e+00 0.000000000000000000e+00 0.000000000000000000e+00 0.000000000000000000e+00 0.000000000000000000e+00 0.000000000000000000e+00
0.000000000000000000e+00 0.000000000000000000e+00 0.000000000000000000e+00 0.000000000000000000e+00 0.000000000000000000e+00 0.000000000000000000e+00 0.000000000000000000e+00 0.000000000000000000e+00
0.000000000000000000e+00 0.000000000000000000e+00 0.000000000000000000e+00 0.000000000000000000e+00 0.000000000000000000e+00 0.000000000000000000e+00 0.000000000000000000e+00 0.000000000000000000e+00
0.000000000000000000e+00 0.000000000000000000e+00 0.000000000000000000e+00 0.000000000000000000e+00 0.000000000000000000e+00 0.000000000000000000e+00 0.000000000000000000e+00 0.000000000000000000e+00
0.000000000000000000e+00 0.000000000000000000e+00 0.000000000000000000e+00 0.000000000000000000e+00 0.000000000000000000e+00 0.000000000000000000e+00 0.000000000000000000e+00 0.000000000000000000e+00
0.000000000000000000e+00 0.000000000000000000e+00 0.000000000000000000e+00 0.000000000000000000e+00 0.000000000000000000e+00 0.000000000000000000e+00 0.000000000000000000e+00 0.000000000000000000e+00
0.000000000000000000e+00 0.000000000000000000e+00 0.000000000000000000e+00 0.000000000000000000e+00 0.000000000000000000e+00 0.000000000000000000e+00 0.000000000000000000e+00 0.000000000000000000e+00
0.000000000000000000e+00 0.000000000000000000e+00 0.000000000000000000e+00 0.000000000000000000e+00 0.000000000000000000e+00 0.000000000000000000e+00 0.000000000000000000e+00 0.000000000000000000e+00
0.000000000000000000e+00 0.000000000000000000e+00 0.000000000000000000e+00 0.000000000000000000e+00 0.000000000000000000e+00 0.000000000000000000e+00 0.000000000000000000e+00 0.000000000000000000e+00
0.000000000000000000e+00 0.000000000000000000e+00 0.000000000000000000e+00 0.000000000000000000e+00 0.000000000000000000e+00 0.000000000000000000e+00 0.000000000000000000e+00 0.000000000000000000e+00
0.000000000000000000e+00 0.000000000000000000e+00 0.000000000000000000e+00 0.000000000000000000e+00 0.000000000000000000e+00 0.000000000000000000e+00 0.000000000000000000e+00 0.000000000000000000e+00
0.000000000000000000e+00 0.000000000000000000e+00 0.000000000000000000e+00 0.000000000000000000e+00 0.000000000000000000e+00 0.000000000000000000e+00 0.000000000000000000e+00 0.000000000000000000e+00
0.000000000000000000e+00 0.000000000000000000e+00 0.000000000000000000e+00 0.000000000000000000e+00 0.000000000000000000e+00 0.000000000000000000e+00 0.000000000000000000e+00 0.000000000000000000e+00
0.000000000000000000e+00 0.000000000000000000e+00 0.000000000000000000e+00 0.000000000000000000e+00 0.000000000000000000e+00 0.000000000000000000e+00 0.000000000000000000e+00 0.000000000000000000e+00
0.000000000000000000e+00 0.000000000000000000e+00 0.000000000000000000e+00 0.000000000000000000e+00 0.000000000000000000e+00 0.000000000000000000e+00 0.000000000000000000e+00 0.000000000000000000e+00
0.000000000000000000e+00 0.000000000000000000e+00 0.000000000000000000e+00 0.000000000000000000e+00 0.000000000000000000e+00 0.000000000000000000e+00 0.000000000000000000e+00 0.000000000000000000e+00
0.000000000000000000e+00 0.000000000000000000e+00 0.000000000000000000e+00 0.000000000000000000e+00 0.000000000000000000e+00 0.000000000000000000e+00 0.000000000000000000e+00 0.000000000000000000e+00
0.000000000000000000e+00 0.000000000000000000e+00 0.000000000000000000e+00 0.000000000000000000e+00 0.000000000000000000e+00 0.000000000000000000e+00 0.000000000000000000e+00 0.000000000000000000e+00
0.000000000000000000e+00 0.000000000000000000e+00 0.000000000000000000e+00 0.000000000000000000e+00 0.000000000000000000e+00 0.000000000000000000e+00 0.000000000000000000e+00 0.000000000000000000e+00
0.000000000000000000e+00 0.000000000000000000e+00 0.000000000000000000e+00 0.000000000000000000e+00 0.000000000000000000e+00 0.000000000000000000e+00 0.000000000000000000e+00 0.000000000000000000e+00
0.000000000000000000e+00 0.000000000000000000e+00 0.000000000000000000e+00 0.000000000000000000e+00 0.000000000000000000e+00 0.000000000000000000e+00 0.000000000000000000e+00 0.000000000000000000e+00
0.000000000000000000e+00 0.000000000000000000e+00 0.000000000000000000e+00 0.000000000000000000e+00 0.000000000000000000e+00 0.000000000000000000e+00 0.000000000000000000e+00 0.000000000000000000e+00
0.000000000000000000e+00 0.000000000000000000e+00 0.000000000000000000e+00 0.000000000000000000e+00 0.000000000000000000e+00 0.000000000000000000e+00 0.000000000000000000e+00 0.000000000000000000e+00
0.000000000000000000e+00 0.000000000000000000e+00 0.000000000000000000e+00 0.000000000000000000e+00 0.000000000000000000e+00 0.000000000000000000e+00 0.000000000000000000e+00 0.000000000000000000e+00
0.000000000000000000e+00 0.000000000000000000e+00 0.000000000000000000e+00 0.000000000000000000e+00 0.000000000000000000e+00 0.000000000000000000e+00 0.000000000000000000e+00 0.000000000000000000e+00
0.000000000000000000e+00 0.000000000000000000e+00 0.000000000000000000e+00 0.000000000000000000e+00 0.000000000000000000e+00 0.000000000000000000e+00 0.000000000000000000e+00 0.000000000000000000e+00
0.000000000000000000e+00 0.000000000000000000e+00 0.000000000000000000e+00 0.000000000000000000e+00 0.000000000000000000e+00 0.000000000000000000e+00 0.000000000000000000e+00 0.000000000000000000e+00
0.000000000000000000e+00 0.000000000000000000e+00 0.000000000000000000e+00 0.000000000000000000e+00 0.000000000000000000e+00 0.000000000000000000e+00 0.000000000000000000e+00 0.000000000000000000e+00
0.000000000000000000e+00 0.000000000000000000e+00 0.000000000000000000e+00 0.000000000000000000e+00 0.000000000000000000e+00 0.000000000000000000e+00 0.000000000000000000e+00 0.000000000000000000e+00
0.000000000000000000e+00 0.000000000000000000e+00 0.000000000000000000e+00 0.000000000000000000e+00 0.000000000000000000e+00 0.000000000000000000e+00 0.000000000000000000e+00 0.000000000000000000e+00
0.000000000000000000e+00 0.000000000000000000e+00 0.000000000000000000e+00 0.000000000000000000e+00 0.000000000000000000e+00 0.000000000000000000e+00 0.000000000000000000e+00 0.000000000000000000e+00
0.000000000000000000e+00 0.000000000000000000e+00 0.000000000000000000e+00 0.000000000000000000e+00 0.000000000000000000e+00 0.000000000000000000e+00 0.000000000000000000e+00 0.000000000000000000e+00
0.000000000000000000e+00 0.000000000000000000e+00 0.000000000000000000e+00 0.000000000000000000e+00 0.000000000000000000e+00 0.000000000000000000e+00 0.000000000000000000e+00 0.000000000000000000e+00
0.000000000000000000e+00 0.000000000000000000e+00 0.000000000000000000e+00 0.000000000000000000e+00 0.000000000000000000e+00 0.000000000000000000e+00 0.000000000000000000e+00 0.000000000000000000e+00
0.000000000000000000e+00 0.000000000000000000e+00 0.000000000000000000e+00 0.000000000000000000e+00 0.000000000000000000e+00 0.000000000000000000e+00 0.000000000000000000e+00 0.000000000000000000e+00
0.000000000000000000e+00 0.000000000000000000e+00 0.000000000000000000e+00 0.000000000000000000e+00 0.000000000000000000e+00 0.000000000000000000e+00 0.000000000000000000e+00 0.000000000000000000e+00
0.000000000000000000e+00 0.000000000000000000e+00 0.000000000000000000e+00 0.000000000000000000e+00 0.000000000000000000e+00 0.000000000000000000e+00 0.000000000000000000e+00 0.000000000000000000e+00
0.000000000000000000e+00 0.000000000000000000e+00 0.000000000000000000e+00 0.000000000000000000e+00 0.000000000000000000e+00 0.000000000000000000e+00 0.000000000000000000e+00 0.000000000000000000e+00
0.000000000000000000e+00 0.000000000000000000e+00 0.000000000000000000e+00 0.000000000000000000e+00 0.000000000000000000e+00 0.000000000000000000e+00 0.000000000000000000e+00 0.000000000000000000e+00
0.000000000000000000e+00 0.000000000000000000e+00 0.000000000000000000e+00 0.000000000000000000e+00 0.000000000000000000e+00 0.000000000000000000e+00 0.000000000000000000e+00 0.000000000000000000e+00
0.000000000000000000e+00 0.000000000000000000e+00 0.000000000000000000e+00 0.000000000000000000e+00 0.000000000000000000e+00 0.000000000000000000e+00 0.000000000000000000e+00 0.000000000000000000e+00
0.000000000000000000e+00 0.000000000000000000e+00 0.000000000000000000e+00 0.000000000000000000e+00 0.000000000000000000e+00 0.000000000000000000e+00 0.000000000000000000e+00 0.000000000000000000e+00
0.000000000000000000e+00 0.000000000000000000e+00 0.000000000000000000e+00 0.000000000000000000e+00 0.000000000000000000e+00 0.000000000000000000e+00 0.000000000000000000e+00 0.000000000000000000e+00
0.000000000000000000e+00 0.000000000000000000e+00 0.000000000000000000e+00 0.000000000000000000e+00 0.000000000000000000e+00 0.000000000000000000e+00 0.000000000000000000e+00 0.000000000000000000e+00
0.000000000000000000e+00 0.000000000000000000e+00 0.000000000000000000e+00 0.000000000000000000e+00 0.000000000000000000e+00 0.000000000000000000e+00 0.000000000000000000e+00 0.000000000000000000e+00
0.000000000000000000e+00 0.000000000000000000e+00 0.000000000000000000e+00 0.000000000000000000e+00 0.000000000000000000e+00 0.000000000000000000e+00 0.000000000000000000e+00 0.000000000000000000e+00
0.000000000000000000e+00 0.000000000000000000e+00 0.000000000000000000e+00 0.000000000000000000e+00 0.000000000000000000e+00 0.000000000000000000e+00 0.000000000000000000e+00 0.000000000000000000e+00
0.000000000000000000e+00 0.000000000000000000e+00 0.000000000000000000e+00 0.000000000000000000e+00 0.000000000000000000e+00 0.000000000000000000e+00 0.000000000000000000e+00 0.000000000000000000e+00
0.000000000000000000e+00 0.000000000000000000e+00 0.000000000000000000e+00 0.000000000000000000e+00 0.000000000000000000e+00 0.000000000000000000e+00 0.000000000000000000e+00 0.000000000000000000e+00
0.000000000000000000e+00 0.000000000000000000e+00 0.000000000000000000e+00 0.000000000000000000e+00 0.000000000000000000e+00 0.000000000000000000e+00 0.000000000000000000e+00 0.000000000000000000e+00
0.000000000000000000e+00 0.000000000000000000e+00 0.000000000000000000e+00 0.000000000000000000e+00 0.000000000000000000e+00 0.000000000000000000e+00 0.000000000000000000e+00 0.000000000000000000e+00
0.000000000000000000e+00 0.000000000000000000e+00 0.000000000000000000e+00 0.000000000000000000e+00 0.000000000000000000e+00 0.000000000000000000e+00 0.000000000000000000e+00 0.000000000000000000e+00
0.000000000000000000e+00 0.000000000000000000e+00 0.000000000000000000e+00 0.000000000000000000e+00 0.000000000000000000e+00 0.000000000000000000e+00 0.000000000000000000e+00 0.000000000000000000e+00
0.000000000000000000e+00 0.000000000000000000e+00 0.000000000000000000e+00 0.000000000000000000e+00 0.000000000000000000e+00 0.000000000000000000e+00 0.000000000000000000e+00 0.000000000000000000e+00
0.000000000000000000e+00 0.000000000000000000e+00 0.000000000000000000e+00 0.000000000000000000e+00 0.000000000000000000e+00 0.000000000000000000e+00 0.000000000000000000e+00 0.000000000000000000e+00
0.000000000000000000e+00 0.000000000000000000e+00 0.000000000000000000e+00 0.000000000000000000e+00 0.000000000000000000e+00 0.000000000000000000e+00 0.000000000000000000e+00 0.000000000000000000e+00
0.000000000000000000e+00 0.000000000000000000e+00 0.000000000000000000e+00 0.000000000000000000e+00 0.000000000000000000e+00 0.000000000000000000e+00 0.000000000000000000e+00 0.000000000000000000e+00
0.000000000000000000e+00 0.000000000000000000e+00 0.000000000000000000e+00 0.000000000000000000e+00 0.000000000000000000e+00 0.000000000000000000e+00 0.000000000000000000e+00 0.000000000000000000e+00
0.000000000000000000e+00 0.000000000000000000e+00 0.000000000000000000e+00 0.000000000000000000e+00 0.000000000000000000e+00 0.000000000000000000e+00 0.000000000000000000e+00 0.000000000000000000e+00
0.000000000000000000e+00 0.000000000000000000e+00 0.000000000000000000e+00 0.000000000000000000e+00 0.000000000000000000e+00 0.000000000000000000e+00 0.000000000000000000e+00 0.000000000000000000e+00
0.000000000000000000e+00 0.000000000000000000e+00 0.000000000000000000e+00 0.000000000000000000e+00 0.000000000000000000e+00 0.000000000000000000e+00 0.000000000000000000e+00 0.000000000000000000e+00
0.000000000000000000e+00 0.000000000000000000e+00 0.000000000000000000e+00 0.000000000000000000e+00 0.000000000000000000e+00 0.000000000000000000e+00 0.000000000000000000e+00 0.000000000000000000e+00
0.000000000000000000e+00 0.000000000000000000e+00 0.000000000000000000e+00 0.000000000000000000e+00 0.000000000000000000e+00 0.000000000000000000e+00 0.000000000000000000e+00 0.000000000000000000e+00
0.000000000000000000e+00 0.000000000000000000e+00 0.000000000000000000e+00 0.000000000000000000e+00 0.000000000000000000e+00 0.000000000000000000e+00 0.000000000000000000e+00 0.000000000000000000e+00
0.000000000000000000e+00 0.000000000000000000e+00 0.000000000000000000e+00 0.000000000000000000e+00 0.000000000000000000e+00 0.000000000000000000e+00 0.000000000000000000e+00 0.000000000000000000e+00
0.000000000000000000e+00 0.000000000000000000e+00 0.000000000000000000e+00 0.000000000000000000e+00 0.000000000000000000e+00 0.000000000000000000e+00 0.000000000000000000e+00 0.000000000000000000e+00
0.000000000000000000e+00 0.000000000000000000e+00 0.000000000000000000e+00 0.000000000000000000e+00 0.000000000000000000e+00 0.000000000000000000e+00 0.000000000000000000e+00 0.000000000000000000e+00
0.000000000000000000e+00 0.000000000000000000e+00 0.000000000000000000e+00 0.000000000000000000e+00 0.000000000000000000e+00 0.000000000000000000e+00 0.000000000000000000e+00 0.000000000000000000e+00
0.000000000000000000e+00 0.000000000000000000e+00 0.000000000000000000e+00 0.000000000000000000e+00 0.000000000000000000e+00 0.000000000000000000e+00 0.000000000000000000e+00 0.000000000000000000e+00
0.000000000000000000e+00 0.000000000000000000e+00 0.000000000000000000e+00 0.000000000000000000e+00 0.000000000000000000e+00 0.000000000000000000e+00 0.000000000000000000e+00 0.000000000000000000e+00
0.000000000000000000e+00 0.000000000000000000e+00 0.000000000000000000e+00 0.000000000000000000e+00 0.000000000000000000e+00 0.000000000000000000e+00 0.000000000000000000e+00 0.000000000000000000e+00
0.000000000000000000e+00 0.000000000000000000e+00 0.000000000000000000e+00 0.000000000000000000e+00 0.000000000000000000e+00 0.000000000000000000e+00 0.000000000000000000e+00 0.000000000000000000e+00
0.000000000000000000e+00 0.000000000000000000e+00 0.000000000000000000e+00 0.000000000000000000e+00 0.000000000000000000e+00 0.000000000000000000e+00 0.000000000000000000e+00 0.000000000000000000e+00
0.000000000000000000e+00 0.000000000000000000e+00 0.000000000000000000e+00 0.000000000000000000e+00 0.000000000000000000e+00 0.000000000000000000e+00 0.000000000000000000e+00 0.000000000000000000e+00
0.000000000000000000e+00 0.000000000000000000e+00 0.000000000000000000e+00 0.000000000000000000e+00 0.000000000000000000e+00 0.000000000000000000e+00 0.000000000000000000e+00 0.000000000000000000e+00
0.000000000000000000e+00 0.000000000000000000e+00 0.000000000000000000e+00 0.000000000000000000e+00 0.000000000000000000e+00 0.000000000000000000e+00 0.000000000000000000e+00 0.000000000000000000e+00
0.000000000000000000e+00 0.000000000000000000e+00 0.000000000000000000e+00 0.000000000000000000e+00 0.000000000000000000e+00 0.000000000000000000e+00 0.000000000000000000e+00 0.000000000000000000e+00
0.000000000000000000e+00 0.000000000000000000e+00 0.000000000000000000e+00 0.000000000000000000e+00 0.000000000000000000e+00 0.000000000000000000e+00 0.000000000000000000e+00 0.000000000000000000e+00
0.000000000000000000e+00 0.000000000000000000e+00 0.000000000000000000e+00 0.000000000000000000e+00 0.000000000000000000e+00 0.000000000000000000e+00 0.000000000000000000e+00 0.000000000000000000e+00
0.000000000000000000e+00 0.000000000000000000e+00 0.000000000000000000e+00 0.000000000000000000e+00 0.000000000000000000e+00 0.000000000000000000e+00 0.000000000000000000e+00 0.000000000000000000e+00
0.000000000000000000e+00 0.000000000000000000e+00 0.000000000000000000e+00 0.000000000000000000e+00 0.000000000000000000e+00 0.000000000000000000e+00 0.000000000000000000e+00 0.000000000000000000e+00
0.000000000000000000e+00 0.000000000000000000e+00 0.000000000000000000e+00 0.000000000000000000e+00 0.000000000000000000e+00 0.000000000000000000e+00 0.000000000000000000e+00 0.000000000000000000e+00
0.000000000000000000e+00 0.000000000000000000e+00 0.000000000000000000e+00 0.000000000000000000e+00 0.000000000000000000e+00 0.000000000000000000e+00 0.000000000000000000e+00 0.000000000000000000e+00
0.000000000000000000e+00 0.000000000000000000e+00 0.000000000000000000e+00 0.000000000000000000e+00 0.000000000000000000e+00 0.000000000000000000e+00 0.000000000000000000e+00 0.000000000000000000e+00
0.000000000000000000e+00 0.000000000000000000e+00 0.000000000000000000e+00 0.000000000000000000e+00 0.000000000000000000e+00 0.000000000000000000e+00 0.000000000000000000e+00 0.000000000000000000e+00
0.000000000000000000e+00 0.000000000000000000e+00 0.000000000000000000e+00 0.000000000000000000e+00 0.000000000000000000e+00 0.000000000000000000e+00 0.000000000000000000e+00 0.000000000000000000e+00
0.000000000000000000e+00 0.000000000000000000e+00 0.000000000000000000e+00 0.000000000000000000e+00 0.000000000000000000e+00 0.000000000000000000e+00 0.000000000000000000e+00 0.000000000000000000e+00
0.000000000000000000e+00 0.000000000000000000e+00 0.000000000000000000e+00 0.000000000000000000e+00 0.000000000000000000e+00 0.000000000000000000e+00 0.000000000000000000e+00 0.000000000000000000e+00
0.000000000000000000e+00 0.000000000000000000e+00 0.000000000000000000e+00 0.000000000000000000e+00 0.000000000000000000e+00 0.000000000000000000e+00 0.000000000000000000e+00 0.000000000000000000e+00
0.000000000000000000e+00 0.000000000000000000e+00 0.000000000000000000e+00 0.000000000000000000e+00 0.000000000000000000e+00 0.000000000000000000e+00 0.000000000000000000e+00 0.000000000000000000e+00
0.000000000000000000e+00 0.000000000000000000e+00 0.000000000000000000e+00 0.000000000000000000e+00 0.000000000000000000e+00 0.000000000000000000e+00 0.000000000000000000e+00 0.000000000000000000e+00
0.000000000000000000e+00 0.000000000000000000e+00 0.000000000000000000e+00 0.000000000000000000e+00 0.000000000000000000e+00 0.000000000000000000e+00 0.000000000000000000e+00 0.000000000000000000e+00
0.000000000000000000e+00 0.000000000000000000e+00 0.000000000000000000e+00 0.000000000000000000e+00 0.000000000000000000e+00 0.000000000000000000e+00 0.000000000000000000e+00 0.000000000000000000e+00
0.000000000000000000e+00 0.000000000000000000e+00 0.000000000000000000e+00 0.000000000000000000e+00 0.000000000000000000e+00 0.000000000000000000e+00 0.000000000000000000e+00 0.000000000000000000e+00
0.000000000000000000e+00 0.000000000000000000e+00 0.000000000000000000e+00 0.000000000000000000e+00 0.000000000000000000e+00 0.000000000000000000e+00 0.000000000000000000e+00 0.000000000000000000e+00
0.000000000000000000e+00 0.000000000000000000e+00 0.000000000000000000e+00 0.000000000000000000e+00 0.000000000000000000e+00 0.000000000000000000e+00 0.000000000000000000e+00 0.000000000000000000e+00
0.000000000000000000e+00 0.000000000000000000e+00 0.000000000000000000e+00 0.000000000000000000e+00 0.000000000000000000e+00 0.000000000000000000e+00 0.000000000000000000e+00 0.000000000000000000e+00
0.000000000000000000e+00 0.000000000000000000e+00 0.000000000000000000e+00 0.000000000000000000e+00 0.000000000000000000e+00 0.000000000000000000e+00 0.000000000000000000e+00 0.000000000000000000e+00
0.000000000000000000e+00 0.000000000000000000e+00 0.000000000000000000e+00 0.000000000000000000e+00 0.000000000000000000e+00 0.000000000000000000e+00 0.000000000000000000e+00 0.000000000000000000e+00
0.000000000000000000e+00 0.000000000000000000e+00 0.000000000000000000e+00 0.000000000000000000e+00 0.000000000000000000e+00 0.000000000000000000e+00 0.000000000000000000e+00 0.000000000000000000e+00
0.000000000000000000e+00 0.000000000000000000e+00 0.000000000000000000e+00 0.000000000000000000e+00 0.000000000000000000e+00 0.000000000000000000e+00 0.000000000000000000e+00 0.000000000000000000e+00
0.000000000000000000e+00 0.000000000000000000e+00 0.000000000000000000e+00 0.000000000000000000e+00 0.000000000000000000e+00 0.000000000000000000e+00 0.000000000000000000e+00 0.000000000000000000e+00
0.000000000000000000e+00 0.000000000000000000e+00 0.000000000000000000e+00 0.000000000000000000e+00 0.000000000000000000e+00 0.000000000000000000e+00 0.000000000000000000e+00 0.000000000000000000e+00
0.000000000000000000e+00 0.000000000000000000e+00 0.000000000000000000e+00 0.000000000000000000e+00 0.000000000000000000e+00 0.000000000000000000e+00 0.000000000000000000e+00 0.000000000000000000e+00
0.000000000000000000e+00 0.000000000000000000e+00 0.000000000000000000e+00 0.000000000000000000e+00 0.000000000000000000e+00 0.000000000000000000e+00 0.000000000000000000e+00 0.000000000000000000e+00
0.000000000000000000e+00 0.000000000000000000e+00 0.000000000000000000e+00 0.000000000000000000e+00 0.000000000000000000e+00 0.000000000000000000e+00 0.000000000000000000e+00 0.000000000000000000e+00
0.000000000000000000e+00 0.000000000000000000e+00 0.000000000000000000e+00 0.000000000000000000e+00 0.000000000000000000e+00 0.000000000000000000e+00 0.000000000000000000e+00 0.000000000000000000e+00
0.000000000000000000e+00 0.000000000000000000e+00 0.000000000000000000e+00 0.000000000000000000e+00 0.000000000000000000e+00 0.000000000000000000e+00 0.000000000000000000e+00 0.000000000000000000e+00
0.000000000000000000e+00 0.000000000000000000e+00 0.000000000000000000e+00 0.000000000000000000e+00 0.000000000000000000e+00 0.000000000000000000e+00 0.000000000000000000e+00 0.000000000000000000e+00
0.000000000000000000e+00 0.000000000000000000e+00 0.000000000000000000e+00 0.000000000000000000e+00 0.000000000000000000e+00 0.000000000000000000e+00 0.000000000000000000e+00 0.000000000000000000e+00
0.000000000000000000e+00 0.000000000000000000e+00 0.000000000000000000e+00 0.000000000000000000e+00 0.000000000000000000e+00 0.000000000000000000e+00 0.000000000000000000e+00 0.000000000000000000e+00
0.000000000000000000e+00 0.000000000000000000e+00 0.000000000000000000e+00 0.000000000000000000e+00 0.000000000000000000e+00 0.000000000000000000e+00 0.000000000000000000e+00 0.000000000000000000e+00
0.000000000000000000e+00 0.000000000000000000e+00 0.000000000000000000e+00 0.000000000000000000e+00 0.000000000000000000e+00 0.000000000000000000e+00 0.000000000000000000e+00 0.000000000000000000e+00
0.000000000000000000e+00 0.000000000000000000e+00 0.000000000000000000e+00 0.000000000000000000e+00 0.000000000000000000e+00 0.000000000000000000e+00 0.000000000000000000e+00 0.000000000000000000e+00
0.000000000000000000e+00 0.000000000000000000e+00 0.000000000000000000e+00 0.000000000000000000e+00 0.000000000000000000e+00 0.000000000000000000e+00 0.000000000000000000e+00 0.000000000000000000e+00
0.000000000000000000e+00 0.000000000000000000e+00 0.000000000000000000e+00 0.000000000000000000e+00 0.000000000000000000e+00 0.000000000000000000e+00 0.000000000000000000e+00 0.000000000000000000e+00
0.000000000000000000e+00 0.000000000000000000e+00 0.000000000000000000e+00 0.000000000000000000e+00 0.000000000000000000e+00 0.000000000000000000e+00 0.000000000000000000e+00 0.000000000000000000e+00
0.000000000000000000e+00 0.000000000000000000e+00 0.000000000000000000e+00 0.000000000000000000e+00 0.000000000000000000e+00 0.000000000000000000e+00 0.000000000000000000e+00 0.000000000000000000e+00
0.000000000000000000e+00 0.000000000000000000e+00 0.000000000000000000e+00 0.000000000000000000e+00 0.000000000000000000e+00 0.000000000000000000e+00 0.000000000000000000e+00 0.000000000000000000e+00
0.000000000000000000e+00 0.000000000000000000e+00 0.000000000000000000e+00 0.000000000000000000e+00 0.000000000000000000e+00 0.000000000000000000e+00 0.000000000000000000e+00 0.000000000000000000e+00
0.000000000000000000e+00 0.000000000000000000e+00 0.000000000000000000e+00 0.000000000000000000e+00 0.000000000000000000e+00 0.000000000000000000e+00 0.000000000000000000e+00 0.000000000000000000e+00
0.000000000000000000e+00 0.000000000000000000e+00 0.000000000000000000e+00 0.000000000000000000e+00 0.000000000000000000e+00 0.000000000000000000e+00 0.000000000000000000e+00 0.000000000000000000e+00
0.000000000000000000e+00 0.000000000000000000e+00 0.000000000000000000e+00 0.000000000000000000e+00 0.000000000000000000e+00 0.000000000000000000e+00 0.000000000000000000e+00 0.000000000000000000e+00
0.000000000000000000e+00 0.000000000000000000e+00 0.000000000000000000e+00 0.000000000000000000e+00 0.000000000000000000e+00 0.000000000000000000e+00 0.000000000000000000e+00 0.000000000000000000e+00
0.000000000000000000e+00 0.000000000000000000e+00 0.000000000000000000e+00 0.000000000000000000e+00 0.000000000000000000e+00 0.000000000000000000e+00 0.000000000000000000e+00 0.000000000000000000e+00
0.000000000000000000e+00 0.000000000000000000e+00 0.000000000000000000e+00 0.000000000000000000e+00 0.000000000000000000e+00 0.000000000000000000e+00 0.000000000000000000e+00 0.000000000000000000e+00
0.000000000000000000e+00 0.000000000000000000e+00 0.000000000000000000e+00 0.000000000000000000e+00 0.000000000000000000e+00 0.000000000000000000e+00 0.000000000000000000e+00 0.000000000000000000e+00
0.000000000000000000e+00 0.000000000000000000e+00 0.000000000000000000e+00 0.000000000000000000e+00 0.000000000000000000e+00 0.000000000000000000e+00 0.000000000000000000e+00 0.000000000000000000e+00
0.000000000000000000e+00 0.000000000000000000e+00 0.000000000000000000e+00 0.000000000000000000e+00 0.000000000000000000e+00 0.000000000000000000e+00 0.000000000000000000e+00 0.000000000000000000e+00
0.000000000000000000e+00 0.000000000000000000e+00 0.000000000000000000e+00 0.000000000000000000e+00 0.000000000000000000e+00 0.000000000000000000e+00 0.000000000000000000e+00 0.000000000000000000e+00
0.000000000000000000e+00 0.000000000000000000e+00 0.000000000000000000e+00 0.000000000000000000e+00 0.000000000000000000e+00 0.000000000000000000e+00 0.000000000000000000e+00 0.000000000000000000e+00
0.000000000000000000e+00 0.000000000000000000e+00 0.000000000000000000e+00 0.000000000000000000e+00 0.000000000000000000e+00 0.000000000000000000e+00 0.000000000000000000e+00 0.000000000000000000e+00
0.000000000000000000e+00 0.000000000000000000e+00 0.000000000000000000e+00 0.000000000000000000e+00 0.000000000000000000e+00 0.000000000000000000e+00 0.000000000000000000e+00 0.000000000000000000e+00
0.000000000000000000e+00 0.000000000000000000e+00 0.000000000000000000e+00 0.000000000000000000e+00 0.000000000000000000e+00 0.000000000000000000e+00 0.000000000000000000e+00 0.000000000000000000e+00
0.000000000000000000e+00 0.000000000000000000e+00 0.000000000000000000e+00 0.000000000000000000e+00 0.000000000000000000e+00 0.000000000000000000e+00 0.000000000000000000e+00 0.000000000000000000e+00
0.000000000000000000e+00 0.000000000000000000e+00 0.000000000000000000e+00 0.000000000000000000e+00 0.000000000000000000e+00 0.000000000000000000e+00 0.000000000000000000e+00 0.000000000000000000e+00
0.000000000000000000e+00 0.000000000000000000e+00 0.000000000000000000e+00 0.000000000000000000e+00 0.000000000000000000e+00 0.000000000000000000e+00 0.000000000000000000e+00 0.000000000000000000e+00
0.000000000000000000e+00 0.000000000000000000e+00 0.000000000000000000e+00 0.000000000000000000e+00 0.000000000000000000e+00 0.000000000000000000e+00 0.000000000000000000e+00 0.000000000000000000e+00
0.000000000000000000e+00 0.000000000000000000e+00 0.000000000000000000e+00 0.000000000000000000e+00 0.000000000000000000e+00 0.000000000000000000e+00 0.000000000000000000e+00 0.000000000000000000e+00
0.000000000000000000e+00 0.000000000000000000e+00 0.000000000000000000e+00 0.000000000000000000e+00 0.000000000000000000e+00 0.000000000000000000e+00 0.000000000000000000e+00 0.000000000000000000e+00
0.000000000000000000e+00 0.000000000000000000e+00 0.000000000000000000e+00 0.000000000000000000e+00 0.000000000000000000e+00 0.000000000000000000e+00 0.000000000000000000e+00 0.000000000000000000e+00
0.000000000000000000e+00 0.000000000000000000e+00 0.000000000000000000e+00 0.000000000000000000e+00 0.000000000000000000e+00 0.000000000000000000e+00 0.000000000000000000e+00 0.000000000000000000e+00
0.000000000000000000e+00 0.000000000000000000e+00 0.000000000000000000e+00 0.000000000000000000e+00 0.000000000000000000e+00 0.000000000000000000e+00 0.000000000000000000e+00 0.000000000000000000e+00
0.000000000000000000e+00 0.000000000000000000e+00 0.000000000000000000e+00 0.000000000000000000e+00 0.000000000000000000e+00 0.000000000000000000e+00 0.000000000000000000e+00 0.000000000000000000e+00
0.000000000000000000e+00 0.000000000000000000e+00 0.000000000000000000e+00 0.000000000000000000e+00 0.000000000000000000e+00 0.000000000000000000e+00 0.000000000000000000e+00 0.000000000000000000e+00
0.000000000000000000e+00 0.000000000000000000e+00 0.000000000000000000e+00 0.000000000000000000e+00 0.000000000000000000e+00 0.000000000000000000e+00 0.000000000000000000e+00 0.000000000000000000e+00
0.000000000000000000e+00 0.000000000000000000e+00 0.000000000000000000e+00 0.000000000000000000e+00 0.000000000000000000e+00 0.000000000000000000e+00 0.000000000000000000e+00 0.000000000000000000e+00
0.000000000000000000e+00 0.000000000000000000e+00 0.000000000000000000e+00 0.000000000000000000e+00 0.000000000000000000e+00 0.000000000000000000e+00 0.000000000000000000e+00 0.000000000000000000e+00
0.000000000000000000e+00 0.000000000000000000e+00 0.000000000000000000e+00 0.000000000000000000e+00 0.000000000000000000e+00 0.000000000000000000e+00 0.000000000000000000e+00 0.000000000000000000e+00
0.000000000000000000e+00 0.000000000000000000e+00 0.000000000000000000e+00 0.000000000000000000e+00 0.000000000000000000e+00 0.000000000000000000e+00 0.000000000000000000e+00 0.000000000000000000e+00
0.000000000000000000e+00 0.000000000000000000e+00 0.000000000000000000e+00 0.000000000000000000e+00 0.000000000000000000e+00 0.000000000000000000e+00 0.000000000000000000e+00 0.000000000000000000e+00
0.000000000000000000e+00 0.000000000000000000e+00 0.000000000000000000e+00 0.000000000000000000e+00 0.000000000000000000e+00 0.000000000000000000e+00 0.000000000000000000e+00 0.000000000000000000e+00
0.000000000000000000e+00 0.000000000000000000e+00 0.000000000000000000e+00 0.000000000000000000e+00 0.000000000000000000e+00 0.000000000000000000e+00 0.000000000000000000e+00 0.000000000000000000e+00
0.000000000000000000e+00 0.000000000000000000e+00 0.000000000000000000e+00 0.000000000000000000e+00 0.000000000000000000e+00 0.000000000000000000e+00 0.000000000000000000e+00 0.000000000000000000e+00
0.000000000000000000e+00 0.000000000000000000e+00 0.000000000000000000e+00 0.000000000000000000e+00 0.000000000000000000e+00 0.000000000000000000e+00 0.000000000000000000e+00 0.000000000000000000e+00
0.000000000000000000e+00 0.000000000000000000e+00 0.000000000000000000e+00 0.000000000000000000e+00 0.000000000000000000e+00 0.000000000000000000e+00 0.000000000000000000e+00 0.000000000000000000e+00
0.000000000000000000e+00 0.000000000000000000e+00 0.000000000000000000e+00 0.000000000000000000e+00 0.000000000000000000e+00 0.000000000000000000e+00 0.000000000000000000e+00 0.000000000000000000e+00
0.000000000000000000e+00 0.000000000000000000e+00 0.000000000000000000e+00 0.000000000000000000e+00 0.000000000000000000e+00 0.000000000000000000e+00 0.000000000000000000e+00 0.000000000000000000e+00
0.000000000000000000e+00 0.000000000000000000e+00 0.000000000000000000e+00 0.000000000000000000e+00 0.000000000000000000e+00 0.000000000000000000e+00 0.000000000000000000e+00 0.000000000000000000e+00
0.000000000000000000e+00 0.000000000000000000e+00 0.000000000000000000e+00 0.000000000000000000e+00 0.000000000000000000e+00 0.000000000000000000e+00 0.000000000000000000e+00 0.000000000000000000e+00
0.000000000000000000e+00 0.000000000000000000e+00 0.000000000000000000e+00 0.000000000000000000e+00 0.000000000000000000e+00 0.000000000000000000e+00 0.000000000000000000e+00 0.000000000000000000e+00
0.000000000000000000e+00 0.000000000000000000e+00 0.000000000000000000e+00 0.000000000000000000e+00 0.000000000000000000e+00 0.000000000000000000e+00 0.000000000000000000e+00 0.000000000000000000e+00
0.000000000000000000e+00 0.000000000000000000e+00 0.000000000000000000e+00 0.000000000000000000e+00 0.000000000000000000e+00 0.000000000000000000e+00 0.000000000000000000e+00 0.000000000000000000e+00
0.000000000000000000e+00 0.000000000000000000e+00 0.000000000000000000e+00 0.000000000000000000e+00 0.000000000000000000e+00 0.000000000000000000e+00 0.000000000000000000e+00 0.000000000000000000e+00
0.000000000000000000e+00 0.000000000000000000e+00 0.000000000000000000e+00 0.000000000000000000e+00 0.000000000000000000e+00 0.000000000000000000e+00 0.000000000000000000e+00 0.000000000000000000e+00
0.000000000000000000e+00 0.000000000000000000e+00 0.000000000000000000e+00 0.000000000000000000e+00 0.000000000000000000e+00 0.000000000000000000e+00 0.000000000000000000e+00 0.000000000000000000e+00
0.000000000000000000e+00 0.000000000000000000e+00 0.000000000000000000e+00 0.000000000000000000e+00 0.000000000000000000e+00 0.000000000000000000e+00 0.000000000000000000e+00 0.000000000000000000e+00
0.000000000000000000e+00 0.000000000000000000e+00 0.000000000000000000e+00 0.000000000000000000e+00 0.000000000000000000e+00 0.000000000000000000e+00 0.000000000000000000e+00 0.000000000000000000e+00
0.000000000000000000e+00 0.000000000000000000e+00 0.000000000000000000e+00 0.000000000000000000e+00 0.000000000000000000e+00 0.000000000000000000e+00 0.000000000000000000e+00 0.000000000000000000e+00
0.000000000000000000e+00 0.000000000000000000e+00 0.000000000000000000e+00 0.000000000000000000e+00 0.000000000000000000e+00 0.000000000000000000e+00 0.000000000000000000e+00 0.000000000000000000e+00
0.000000000000000000e+00 0.000000000000000000e+00 0.000000000000000000e+00 0.000000000000000000e+00 0.000000000000000000e+00 0.000000000000000000e+00 0.000000000000000000e+00 0.000000000000000000e+00
0.000000000000000000e+00 0.000000000000000000e+00 0.000000000000000000e+00 0.000000000000000000e+00 0.000000000000000000e+00 0.000000000000000000e+00 0.000000000000000000e+00 0.000000000000000000e+00
0.000000000000000000e+00 0.000000000000000000e+00 0.000000000000000000e+00 0.000000000000000000e+00 0.000000000000000000e+00 0.000000000000000000e+00 0.000000000000000000e+00 0.000000000000000000e+00
0.000000000000000000e+00 0.000000000000000000e+00 0.000000000000000000e+00 0.000000000000000000e+00 0.000000000000000000e+00 0.000000000000000000e+00 0.000000000000000000e+00 0.000000000000000000e+00
0.000000000000000000e+00 0.000000000000000000e+00 0.000000000000000000e+00 0.000000000000000000e+00 0.000000000000000000e+00 0.000000000000000000e+00 0.000000000000000000e+00 0.000000000000000000e+00
0.000000000000000000e+00 0.000000000000000000e+00 0.000000000000000000e+00 0.000000000000000000e+00 0.000000000000000000e+00 0.000000000000000000e+00 0.000000000000000000e+00 0.000000000000000000e+00
0.000000000000000000e+00 0.000000000000000000e+00 0.000000000000000000e+00 0.000000000000000000e+00 0.000000000000000000e+00 0.000000000000000000e+00 0.000000000000000000e+00 0.000000000000000000e+00
0.000000000000000000e+00 0.000000000000000000e+00 0.000000000000000000e+00 0.000000000000000000e+00 0.000000000000000000e+00 0.000000000000000000e+00 0.000000000000000000e+00 0.000000000000000000e+00
0.000000000000000000e+00 0.000000000000000000e+00 0.000000000000000000e+00 0.000000000000000000e+00 0.000000000000000000e+00 0.000000000000000000e+00 0.000000000000000000e+00 0.000000000000000000e+00
0.000000000000000000e+00 0.000000000000000000e+00 0.000000000000000000e+00 0.000000000000000000e+00 0.000000000000000000e+00 0.000000000000000000e+00 0.000000000000000000e+00 0.000000000000000000e+00
0.000000000000000000e+00 0.000000000000000000e+00 0.000000000000000000e+00 0.000000000000000000e+00 0.000000000000000000e+00 0.000000000000000000e+00 0.000000000000000000e+00 0.000000000000000000e+00
0.000000000000000000e+00 0.000000000000000000e+00 0.000000000000000000e+00 0.000000000000000000e+00 0.000000000000000000e+00 0.000000000000000000e+00 0.000000000000000000e+00 0.000000000000000000e+00
0.000000000000000000e+00 0.000000000000000000e+00 0.000000000000000000e+00 0.000000000000000000e+00 0.000000000000000000e+00 0.000000000000000000e+00 0.000000000000000000e+00 0.000000000000000000e+00
0.000000000000000000e+00 0.000000000000000000e+00 0.000000000000000000e+00 0.000000000000000000e+00 0.000000000000000000e+00 0.000000000000000000e+00 0.000000000000000000e+00 0.000000000000000000e+00
0.000000000000000000e+00 0.000000000000000000e+00 0.000000000000000000e+00 0.000000000000000000e+00 0.000000000000000000e+00 0.000000000000000000e+00 0.000000000000000000e+00 0.000000000000000000e+00
0.000000000000000000e+00 0.000000000000000000e+00 0.000000000000000000e+00 0.000000000000000000e+00 0.000000000000000000e+00 0.000000000000000000e+00 0.000000000000000000e+00 0.000000000000000000e+00
0.000000000000000000e+00 0.000000000000000000e+00 0.000000000000000000e+00 0.000000000000000000e+00 0.000000000000000000e+00 0.000000000000000000e+00 0.000000000000000000e+00 0.000000000000000000e+00
0.000000000000000000e+00 0.000000000000000000e+00 0.000000000000000000e+00 0.000000000000000000e+00 0.000000000000000000e+00 0.000000000000000000e+00 0.000000000000000000e+00 0.000000000000000000e+00
0.000000000000000000e+00 0.000000000000000000e+00 0.000000000000000000e+00 0.000000000000000000e+00 0.000000000000000000e+00 0.000000000000000000e+00 0.000000000000000000e+00 0.000000000000000000e+00
0.000000000000000000e+00 0.000000000000000000e+00 0.000000000000000000e+00 0.000000000000000000e+00 0.000000000000000000e+00 0.000000000000000000e+00 0.000000000000000000e+00 0.000000000000000000e+00
0.000000000000000000e+00 0.000000000000000000e+00 0.000000000000000000e+00 0.000000000000000000e+00 0.000000000000000000e+00 0.000000000000000000e+00 0.000000000000000000e+00 0.000000000000000000e+00
0.000000000000000000e+00 0.000000000000000000e+00 0.000000000000000000e+00 0.000000000000000000e+00 0.000000000000000000e+00 0.000000000000000000e+00 0.000000000000000000e+00 0.000000000000000000e+00
0.000000000000000000e+00 0.000000000000000000e+00 0.000000000000000000e+00 0.000000000000000000e+00 0.000000000000000000e+00 0.000000000000000000e+00 0.000000000000000000e+00 0.000000000000000000e+00
0.000000000000000000e+00 0.000000000000000000e+00 0.000000000000000000e+00 0.000000000000000000e+00 0.000000000000000000e+00 0.000000000000000000e+00 0.000000000000000000e+00 0.000000000000000000e+00
0.000000000000000000e+00 0.000000000000000000e+00 0.000000000000000000e+00 0.000000000000000000e+00 0.000000000000000000e+00 0.000000000000000000e+00 0.000000000000000000e+00 0.000000000000000000e+00
0.000000000000000000e+00 0.000000000000000000e+00 0.000000000000000000e+00 0.000000000000000000e+00 0.000000000000000000e+00 0.000000000000000000e+00 0.000000000000000000e+00 0.000000000000000000e+00
0.000000000000000000e+00 0.000000000000000000e+00 0.000000000000000000e+00 0.000000000000000000e+00 0.000000000000000000e+00 0.000000000000000000e+00 0.000000000000000000e+00 0.000000000000000000e+00
0.000000000000000000e+00 0.000000000000000000e+00 0.000000000000000000e+00 0.000000000000000000e+00 0.000000000000000000e+00 0.000000000000000000e+00 0.000000000000000000e+00 0.000000000000000000e+00
0.000000000000000000e+00 0.000000000000000000e+00 0.000000000000000000e+00 0.000000000000000000e+00 0.000000000000000000e+00 0.000000000000000000e+00 0.000000000000000000e+00 0.000000000000000000e+00
0.000000000000000000e+00 0.000000000000000000e+00 0.000000000000000000e+00 0.000000000000000000e+00 0.000000000000000000e+00 0.000000000000000000e+00 0.000000000000000000e+00 0.000000000000000000e+00
0.000000000000000000e+00 0.000000000000000000e+00 0.000000000000000000e+00 0.000000000000000000e+00 0.000000000000000000e+00 0.000000000000000000e+00 0.000000000000000000e+00 0.000000000000000000e+00
0.000000000000000000e+00 0.000000000000000000e+00 0.000000000000000000e+00 0.000000000000000000e+00 0.000000000000000000e+00 0.000000000000000000e+00 0.000000000000000000e+00 0.000000000000000000e+00
0.000000000000000000e+00 0.000000000000000000e+00 0.000000000000000000e+00 0.000000000000000000e+00 0.000000000000000000e+00 0.000000000000000000e+00 0.000000000000000000e+00 0.000000000000000000e+00
0.000000000000000000e+00 0.000000000000000000e+00 0.000000000000000000e+00 0.000000000000000000e+00 0.000000000000000000e+00 0.000000000000000000e+00 0.000000000000000000e+00 0.000000000000000000e+00
0.000000000000000000e+00 0.000000000000000000e+00 0.000000000000000000e+00 0.000000000000000000e+00 0.000000000000000000e+00 0.000000000000000000e+00 0.000000000000000000e+00 0.000000000000000000e+00
0.000000000000000000e+00 0.000000000000000000e+00 0.000000000000000000e+00 0.000000000000000000e+00 0.000000000000000000e+00 0.000000000000000000e+00 0.000000000000000000e+00 0.000000000000000000e+00
0.000000000000000000e+00 0.000000000000000000e+00 0.000000000000000000e+00 0.000000000000000000e+00 0.000000000000000000e+00 0.000000000000000000e+00 0.000000000000000000e+00 0.000000000000000000e+00
0.000000000000000000e+00 0.000000000000000000e+00 0.000000000000000000e+00 0.000000000000000000e+00 0.000000000000000000e+00 0.000000000000000000e+00 0.000000000000000000e+00 0.000000000000000000e+00
0.000000000000000000e+00 0.000000000000000000e+00 0.000000000000000000e+00 0.000000000000000000e+00 0.000000000000000000e+00 0.000000000000000000e+00 0.000000000000000000e+00 0.000000000000000000e+00
0.000000000000000000e+00 0.000000000000000000e+00 0.000000000000000000e+00 0.000000000000000000e+00 0.000000000000000000e+00 0.000000000000000000e+00 0.000000000000000000e+00 0.000000000000000000e+00
0.000000000000000000e+00 0.000000000000000000e+00 0.000000000000000000e+00 0.000000000000000000e+00 0.000000000000000000e+00 0.000000000000000000e+00 0.000000000000000000e+00 0.000000000000000000e+00
0.000000000000000000e+00 0.000000000000000000e+00 0.000000000000000000e+00 0.000000000000000000e+00 0.000000000000000000e+00 0.000000000000000000e+00 0.000000000000000000e+00 0.000000000000000000e+00
0.000000000000000000e+00 0.000000000000000000e+00 0.000000000000000000e+00 0.000000000000000000e+00 0.000000000000000000e+00 0.000000000000000000e+00 0.000000000000000000e+00 0.000000000000000000e+00
0.000000000000000000e+00 0.000000000000000000e+00 0.000000000000000000e+00 0.000000000000000000e+00 0.000000000000000000e+00 0.000000000000000000e+00 0.000000000000000000e+00 0.000000000000000000e+00
0.000000000000000000e+00 0.000000000000000000e+00 0.000000000000000000e+00 0.000000000000000000e+00 0.000000000000000000e+00 0.000000000000000000e+00 0.000000000000000000e+00 0.000000000000000000e+00
0.000000000000000000e+00 0.000000000000000000e+00 0.000000000000000000e+00 0.000000000000000000e+00 0.000000000000000000e+00 0.000000000000000000e+00 0.000000000000000000e+00 0.000000000000000000e+00
0.000000000000000000e+00 0.000000000000000000e+00 0.000000000000000000e+00 0.000000000000000000e+00 0.000000000000000000e+00 0.000000000000000000e+00 0.000000000000000000e+00 0.000000000000000000e+00
0.000000000000000000e+00 0.000000000000000000e+00 0.000000000000000000e+00 0.000000000000000000e+00 0.000000000000000000e+00 0.000000000000000000e+00 0.000000000000000000e+00 0.000000000000000000e+00
0.000000000000000000e+00 0.000000000000000000e+00 0.000000000000000000e+00 0.000000000000000000e+00 0.000000000000000000e+00 0.000000000000000000e+00 0.000000000000000000e+00 0.000000000000000000e+00
0.000000000000000000e+00 0.000000000000000000e+00 0.000000000000000000e+00 0.000000000000000000e+00 0.000000000000000000e+00 0.000000000000000000e+00 0.000000000000000000e+00 0.000000000000000000e+00
0.000000000000000000e+00 0.000000000000000000e+00 0.000000000000000000e+00 0.000000000000000000e+00 0.000000000000000000e+00 0.000000000000000000e+00 0.000000000000000000e+00 0.000000000000000000e+00
0.000000000000000000e+00 0.000000000000000000e+00 0.000000000000000000e+00 0.000000000000000000e+00 0.000000000000000000e+00 0.000000000000000000e+00 0.000000000000000000e+00 0.000000000000000000e+00
0.000000000000000000e+00 0.000000000000000000e+00 0.000000000000000000e+00 0.000000000000000000e+00 0.000000000000000000e+00 0.000000000000000000e+00 0.000000000000000000e+00 0.000000000000000000e+00
0.000000000000000000e+00 0.000000000000000000e+00 0.000000000000000000e+00 0.000000000000000000e+00 0.000000000000000000e+00 0.000000000000000000e+00 0.000000000000000000e+00 0.000000000000000000e+00
0.000000000000000000e+00 0.000000000000000000e+00 0.000000000000000000e+00 0.000000000000000000e+00 0.000000000000000000e+00 0.000000000000000000e+00 0.000000000000000000e+00 0.000000000000000000e+00
0.000000000000000000e+00 0.000000000000000000e+00 0.000000000000000000e+00 0.000000000000000000e+00 0.000000000000000000e+00 0.000000000000000000e+00 0.000000000000000000e+00 0.000000000000000000e+00
0.000000000000000000e+00 0.000000000000000000e+00 0.000000000000000000e+00 0.000000000000000000e+00 0.000000000000000000e+00 0.000000000000000000e+00 0.000000000000000000e+00 0.000000000000000000e+00
0.000000000000000000e+00 0.000000000000000000e+00 0.000000000000000000e+00 0.000000000000000000e+00 0.000000000000000000e+00 0.000000000000000000e+00 0.000000000000000000e+00 0.000000000000000000e+00
0.000000000000000000e+00 0.000000000000000000e+00 0.000000000000000000e+00 0.000000000000000000e+00 0.000000000000000000e+00 0.000000000000000000e+00 0.000000000000000000e+00 0.000000000000000000e+00
0.000000000000000000e+00 0.000000000000000000e+00 0.000000000000000000e+00 0.000000000000000000e+00 0.000000000000000000e+00 0.000000000000000000e+00 0.000000000000000000e+00 0.000000000000000000e+00
0.000000000000000000e+00 0.000000000000000000e+00 0.000000000000000000e+00 0.000000000000000000e+00 0.000000000000000000e+00 0.000000000000000000e+00 0.000000000000000000e+00 0.000000000000000000e+00
0.000000000000000000e+00 0.000000000000000000e+00 0.000000000000000000e+00 0.000000000000000000e+00 0.000000000000000000e+00 0.000000000000000000e+00 0.000000000000000000e+00 0.000000000000000000e+00
0.000000000000000000e+00 0.000000000000000000e+00 0.000000000000000000e+00 0.000000000000000000e+00 0.000000000000000000e+00 0.000000000000000000e+00 0.000000000000000000e+00 0.000000000000000000e+00
0.000000000000000000e+00 0.000000000000000000e+00 0.000000000000000000e+00 0.000000000000000000e+00 0.000000000000000000e+00 0.000000000000000000e+00 0.000000000000000000e+00 0.000000000000000000e+00
0.000000000000000000e+00 0.000000000000000000e+00 0.000000000000000000e+00 0.000000000000000000e+00 0.000000000000000000e+00 0.000000000000000000e+00 0.000000000000000000e+00 0.000000000000000000e+00
0.000000000000000000e+00 0.000000000000000000e+00 0.000000000000000000e+00 0.000000000000000000e+00 0.000000000000000000e+00 0.000000000000000000e+00 0.000000000000000000e+00 0.000000000000000000e+00
0.000000000000000000e+00 0.000000000000000000e+00 0.000000000000000000e+00 0.000000000000000000e+00 0.000000000000000000e+00 0.000000000000000000e+00 0.000000000000000000e+00 0.000000000000000000e+00
0.000000000000000000e+00 0.000000000000000000e+00 0.000000000000000000e+00 0.000000000000000000e+00 0.000000000000000000e+00 0.000000000000000000e+00 0.000000000000000000e+00 0.000000000000000000e+00
0.000000000000000000e+00 0.000000000000000000e+00 0.000000000000000000e+00 0.000000000000000000e+00 0.000000000000000000e+00 0.000000000000000000e+00 0.000000000000000000e+00 0.000000000000000000e+00
0.000000000000000000e+00 0.000000000000000000e+00 0.000000000000000000e+00 0.000000000000000000e+00 0.000000000000000000e+00 0.000000000000000000e+00 0.000000000000000000e+00 0.000000000000000000e+00
0.000000000000000000e+00 0.000000000000000000e+00 0.000000000000000000e+00 0.000000000000000000e+00 0.000000000000000000e+00 0.000000000000000000e+00 0.000000000000000000e+00 0.000000000000000000e+00
0.000000000000000000e+00 0.000000000000000000e+00 0.000000000000000000e+00 0.000000000000000000e+00 0.000000000000000000e+00 0.000000000000000000e+00 0.000000000000000000e+00 0.000000000000000000e+00
0.000000000000000000e+00 0.000000000000000000e+00 0.000000000000000000e+00 0.000000000000000000e+00 0.000000000000000000e+00 0.000000000000000000e+00 0.000000000000000000e+00 0.000000000000000000e+00
0.000000000000000000e+00 0.000000000000000000e+00 0.000000000000000000e+00 0.000000000000000000e+00 0.000000000000000000e+00 0.000000000000000000e+00 0.000000000000000000e+00 0.000000000000000000e+00
0.000000000000000000e+00 0.000000000000000000e+00 0.000000000000000000e+00 0.000000000000000000e+00 0.000000000000000000e+00 0.000000000000000000e+00 0.000000000000000000e+00 0.000000000000000000e+00
0.000000000000000000e+00 0.000000000000000000e+00 0.000000000000000000e+00 0.000000000000000000e+00 0.000000000000000000e+00 0.000000000000000000e+00 0.000000000000000000e+00 0.000000000000000000e+00
0.000000000000000000e+00 0.000000000000000000e+00 0.000000000000000000e+00 0.000000000000000000e+00 0.000000000000000000e+00 0.000000000000000000e+00 0.000000000000000000e+00 0.000000000000000000e+00
0.000000000000000000e+00 0.000000000000000000e+00 0.000000000000000000e+00 0.000000000000000000e+00 0.000000000000000000e+00 0.000000000000000000e+00 0.000000000000000000e+00 0.000000000000000000e+00
0.000000000000000000e+00 0.000000000000000000e+00 0.000000000000000000e+00 0.000000000000000000e+00 0.000000000000000000e+00 0.000000000000000000e+00 0.000000000000000000e+00 0.000000000000000000e+00
0.000000000000000000e+00 0.000000000000000000e+00 0.000000000000000000e+00 0.000000000000000000e+00 0.000000000000000000e+00 0.000000000000000000e+00 0.000000000000000000e+00 0.000000000000000000e+00
0.000000000000000000e+00 0.000000000000000000e+00 0.000000000000000000e+00 0.000000000000000000e+00 0.000000000000000000e+00 0.000000000000000000e+00 0.000000000000000000e+00 0.000000000000000000e+00
0.000000000000000000e+00 0.000000000000000000e+00 0.000000000000000000e+00 0.000000000000000000e+00 0.000000000000000000e+00 0.000000000000000000e+00 0.000000000000000000e+00 0.000000000000000000e+00
0.000000000000000000e+00 0.000000000000000000e+00 0.000000000000000000e+00 0.000000000000000000e+00 0.000000000000000000e+00 0.000000000000000000e+00 0.000000000000000000e+00 0.000000000000000000e+00
0.000000000000000000e+00 0.000000000000000000e+00 0.000000000000000000e+00 0.000000000000000000e+00 0.000000000000000000e+00 0.000000000000000000e+00 0.000000000000000000e+00 0.000000000000000000e+00
0.000000000000000000e+00 0.000000000000000000e+00 0.000000000000000000e+00 0.000000000000000000e+00 0.000000000000000000e+00 0.000000000000000000e+00 0.000000000000000000e+00 0.000000000000000000e+00
0.000000000000000000e+00 0.000000000000000000e+00 0.000000000000000000e+00 0.000000000000000000e+00 0.000000000000000000e+00 0.000000000000000000e+00 0.000000000000000000e+00 0.000000000000000000e+00
0.000000000000000000e+00 0.000000000000000000e+00 0.000000000000000000e+00 0.000000000000000000e+00 0.000000000000000000e+00 0.000000000000000000e+00 0.000000000000000000e+00 0.000000000000000000e+00
0.000000000000000000e+00 0.000000000000000000e+00 0.000000000000000000e+00 0.000000000000000000e+00 0.000000000000000000e+00 0.000000000000000000e+00 0.000000000000000000e+00 0.000000000000000000e+00
0.000000000000000000e+00 0.000000000000000000e+00 0.000000000000000000e+00 0.000000000000000000e+00 0.000000000000000000e+00 0.000000000000000000e+00 0.000000000000000000e+00 0.000000000000000000e+00
0.000000000000000000e+00 0.000000000000000000e+00 0.000000000000000000e+00 0.000000000000000000e+00 0.000000000000000000e+00 0.000000000000000000e+00 0.000000000000000000e+00 0.000000000000000000e+00
0.000000000000000000e+00 0.000000000000000000e+00 0.000000000000000000e+00 0.000000000000000000e+00 0.000000000000000000e+00 0.000000000000000000e+00 0.000000000000000000e+00 0.000000000000000000e+00
0.000000000000000000e+00 0.000000000000000000e+00 0.000000000000000000e+00 0.000000000000000000e+00 0.000000000000000000e+00 0.000000000000000000e+00 0.000000000000000000e+00 0.000000000000000000e+00
0.000000000000000000e+00 0.000000000000000000e+00 0.000000000000000000e+00 0.000000000000000000e+00 0.000000000000000000e+00 0.000000000000000000e+00 0.000000000000000000e+00 0.000000000000000000e+00
0.000000000000000000e+00 0.000000000000000000e+00 0.000000000000000000e+00 0.000000000000000000e+00 0.000000000000000000e+00 0.000000000000000000e+00 0.000000000000000000e+00 0.000000000000000000e+00
0.000000000000000000e+00 0.000000000000000000e+00 0.000000000000000000e+00 0.000000000000000000e+00 0.000000000000000000e+00 0.000000000000000000e+00 0.000000000000000000e+00 0.000000000000000000e+00
0.000000000000000000e+00 0.000000000000000000e+00 0.000000000000000000e+00 0.000000000000000000e+00 0.000000000000000000e+00 0.000000000000000000e+00 0.000000000000000000e+00 0.000000000000000000e+00
0.000000000000000000e+00 0.000000000000000000e+00 0.000000000000000000e+00 0.000000000000000000e+00 0.000000000000000000e+00 0.000000000000000000e+00 0.000000000000000000e+00 0.000000000000000000e+00
0.000000000000000000e+00 0.000000000000000000e+00 0.000000000000000000e+00 0.000000000000000000e+00 0.000000000000000000e+00 0.000000000000000000e+00 0.000000000000000000e+00 0.000000000000000000e+00
0.000000000000000000e+00 0.000000000000000000e+00 0.000000000000000000e+00 0.000000000000000000e+00 0.000000000000000000e+00 0.000000000000000000e+00 0.000000000000000000e+00 0.000000000000000000e+00
0.000000000000000000e+00 0.000000000000000000e+00 0.000000000000000000e+00 0.000000000000000000e+00 0.000000000000000000e+00 0.000000000000000000e+00 0.000000000000000000e+00 0.000000000000000000e+00
0.000000000000000000e+00 0.000000000000000000e+00 0.000000000000000000e+00 0.000000000000000000e+00 0.000000000000000000e+00 0.000000000000000000e+00 0.000000000000000000e+00 0.000000000000000000e+00
0.000000000000000000e+00 0.000000000000000000e+00 0.000000000000000000e+00 0.000000000000000000e+00 0.000000000000000000e+00 0.000000000000000000e+00 0.000000000000000000e+00 0.000000000000000000e+00
0.000000000000000000e+00 0.000000000000000000e+00 0.000000000000000000e+00 0.000000000000000000e+00 0.000000000000000000e+00 0.000000000000000000e+00 0.000000000000000000e+00 0.000000000000000000e+00
0.000000000000000000e+00 0.000000000000000000e+00 0.000000000000000000e+00 0.000000000000000000e+00 0.000000000000000000e+00 0.000000000000000000e+00 0.000000000000000000e+00 0.000000000000000000e+00
0.000000000000000000e+00 0.000000000000000000e+00 0.000000000000000000e+00 0.000000000000000000e+00 0.000000000000000000e+00 0.000000000000000000e+00 0.000000000000000000e+00 0.000000000000000000e+00
0.000000000000000000e+00 0.000000000000000000e+00 0.000000000000000000e+00 0.000000000000000000e+00 0.000000000000000000e+00 0.000000000000000000e+00 0.000000000000000000e+00 0.000000000000000000e+00
0.000000000000000000e+00 0.000000000000000000e+00 0.000000000000000000e+00 0.000000000000000000e+00 0.000000000000000000e+00 0.000000000000000000e+00 0.000000000000000000e+00 0.000000000000000000e+00
0.000000000000000000e+00 0.000000000000000000e+00 0.000000000000000000e+00 0.000000000000000000e+00 0.000000000000000000e+00 0.000000000000000000e+00 0.000000000000000000e+00 0.000000000000000000e+00
0.000000000000000000e+00 0.000000000000000000e+00 0.000000000000000000e+00 0.000000000000000000e+00 0.000000000000000000e+00 0.000000000000000000e+00 0.000000000000000000e+00 0.000000000000000000e+00
0.000000000000000000e+00 0.000000000000000000e+00 0.000000000000000000e+00 0.000000000000000000e+00 0.000000000000000000e+00 0.000000000000000000e+00 0.000000000000000000e+00 0.000000000000000000e+00
0.000000000000000000e+00 0.000000000000000000e+00 0.000000000000000000e+00 0.000000000000000000e+00 0.000000000000000000e+00 0.000000000000000000e+00 0.000000000000000000e+00 0.000000000000000000e+00
0.000000000000000000e+00 0.000000000000000000e+00 0.000000000000000000e+00 0.000000000000000000e+00 0.000000000000000000e+00 0.000000000000000000e+00 0.000000000000000000e+00 0.000000000000000000e+00
0.000000000000000000e+00 0.000000000000000000e+00 0.000000000000000000e+00 0.000000000000000000e+00 0.000000000000000000e+00 0.000000000000000000e+00 0.000000000000000000e+00 0.000000000000000000e+00
0.000000000000000000e+00 0.000000000000000000e+00 0.000000000000000000e+00 0.000000000000000000e+00 0.000000000000000000e+00 0.000000000000000000e+00 0.000000000000000000e+00 0.000000000000000000e+00
0.000000000000000000e+00 0.000000000000000000e+00 0.000000000000000000e+00 0.000000000000000000e+00 0.000000000000000000e+00 0.000000000000000000e+00 0.000000000000000000e+00 0.000000000000000000e+00
0.000000000000000000e+00 0.000000000000000000e+00 0.000000000000000000e+00 0.000000000000000000e+00 0.000000000000000000e+00 0.000000000000000000e+00 0.000000000000000000e+00 0.000000000000000000e+00
0.000000000000000000e+00 0.000000000000000000e+00 0.000000000000000000e+00 0.000000000000000000e+00 0.000000000000000000e+00 0.000000000000000000e+00 0.000000000000000000e+00 0.000000000000000000e+00
0.000000000000000000e+00 0.000000000000000000e+00 0.000000000000000000e+00 0.000000000000000000e+00 0.000000000000000000e+00 0.000000000000000000e+00 0.000000000000000000e+00 0.000000000000000000e+00
0.000000000000000000e+00 0.000000000000000000e+00 0.000000000000000000e+00 0.000000000000000000e+00 0.000000000000000000e+00 0.000000000000000000e+00 0.000000000000000000e+00 0.000000000000000000e+00
0.000000000000000000e+00 0.000000000000000000e+00 0.000000000000000000e+00 0.000000000000000000e+00 0.000000000000000000e+00 0.000000000000000000e+00 0.000000000000000000e+00 0.000000000000000000e+00
0.000000000000000000e+00 0.000000000000000000e+00 0.000000000000000000e+00 0.000000000000000000e+00 0.000000000000000000e+00 0.000000000000000000e+00 0.000000000000000000e+00 0.000000000000000000e+00
0.000000000000000000e+00 0.000000000000000000e+00 0.000000000000000000e+00 0.000000000000000000e+00 0.000000000000000000e+00 0.000000000000000000e+00 0.000000000000000000e+00 0.000000000000000000e+00
0.000000000000000000e+00 0.000000000000000000e+00 0.000000000000000000e+00 0.000000000000000000e+00 0.000000000000000000e+00 0.000000000000000000e+00 0.000000000000000000e+00 0.000000000000000000e+00
0.000000000000000000e+00 0.000000000000000000e+00 0.000000000000000000e+00 0.000000000000000000e+00 0.000000000000000000e+00 0.000000000000000000e+00 0.000000000000000000e+00 0.000000000000000000e+00
0.000000000000000000e+00 0.000000000000000000e+00 0.000000000000000000e+00 0.000000000000000000e+00 0.000000000000000000e+00 0.000000000000000000e+00 0.000000000000000000e+00 0.000000000000000000e+00
0.000000000000000000e+00 0.000000000000000000e+00 0.000000000000000000e+00 0.000000000000000000e+00 0.000000000000000000e+00 0.000000000000000000e+00 0.000000000000000000e+00 0.000000000000000000e+00
0.000000000000000000e+00 0.000000000000000000e+00 0.000000000000000000e+00 0.000000000000000000e+00 0.000000000000000000e+00 0.000000000000000000e+00 0.000000000000000000e+00 0.000000000000000000e+00
0.000000000000000000e+00 0.000000000000000000e+00 0.000000000000000000e+00 0.000000000000000000e+00 0.000000000000000000e+00 0.000000000000000000e+00 0.000000000000000000e+00 0.000000000000000000e+00
0.000000000000000000e+00 0.000000000000000000e+00 0.000000000000000000e+00 0.000000000000000000e+00 0.000000000000000000e+00 0.000000000000000000e+00 0.000000000000000000e+00 0.000000000000000000e+00
0.000000000000000000e+00 0.000000000000000000e+00 0.000000000000000000e+00 0.000000000000000000e+00 0.000000000000000000e+00 0.000000000000000000e+00 0.000000000000000000e+00 0.000000000000000000e+00
0.000000000000000000e+00 0.000000000000000000e+00 0.000000000000000000e+00 0.000000000000000000e+00 0.000000000000000000e+00 0.000000000000000000e+00 0.000000000000000000e+00 0.000000000000000000e+00
0.000000000000000000e+00 0.000000000000000000e+00 0.000000000000000000e+00 0.000000000000000000e+00 0.000000000000000000e+00 0.000000000000000000e+00 0.000000000000000000e+00 0.000000000000000000e+00
0.000000000000000000e+00 0.000000000000000000e+00 0.000000000000000000e+00 0.000000000000000000e+00 0.000000000000000000e+00 0.000000000000000000e+00 0.000000000000000000e+00 0.000000000000000000e+00
0.000000000000000000e+00 0.000000000000000000e+00 0.000000000000000000e+00 0.000000000000000000e+00 0.000000000000000000e+00 0.000000000000000000e+00 0.000000000000000000e+00 0.000000000000000000e+00
0.000000000000000000e+00 0.000000000000000000e+00 0.000000000000000000e+00 0.000000000000000000e+00 0.000000000000000000e+00 0.000000000000000000e+00 0.000000000000000000e+00 0.000000000000000000e+00
0.000000000000000000e+00 0.000000000000000000e+00 0.000000000000000000e+00 0.000000000000000000e+00 0.000000000000000000e+00 0.000000000000000000e+00 0.000000000000000000e+00 0.000000000000000000e+00
0.000000000000000000e+00 0.000000000000000000e+00 0.000000000000000000e+00 0.000000000000000000e+00 0.000000000000000000e+00 0.000000000000000000e+00 0.000000000000000000e+00 0.000000000000000000e+00
0.000000000000000000e+00 0.000000000000000000e+00 0.000000000000000000e+00 0.000000000000000000e+00 0.000000000000000000e+00 0.000000000000000000e+00 0.000000000000000000e+00 0.000000000000000000e+00
0.000000000000000000e+00 0.000000000000000000e+00 0.000000000000000000e+00 0.000000000000000000e+00 0.000000000000000000e+00 0.000000000000000000e+00 0.000000000000000000e+00 0.000000000000000000e+00
0.000000000000000000e+00 0.000000000000000000e+00 0.000000000000000000e+00 0.000000000000000000e+00 0.000000000000000000e+00 0.000000000000000000e+00 0.000000000000000000e+00 0.000000000000000000e+00
0.000000000000000000e+00 0.000000000000000000e+00 0.000000000000000000e+00 0.000000000000000000e+00 0.000000000000000000e+00 0.000000000000000000e+00 0.000000000000000000e+00 0.000000000000000000e+00
0.000000000000000000e+00 0.000000000000000000e+00 0.000000000000000000e+00 0.000000000000000000e+00 0.000000000000000000e+00 0.000000000000000000e+00 0.000000000000000000e+00 0.000000000000000000e+00
0.000000000000000000e+00 0.000000000000000000e+00 0.000000000000000000e+00 0.000000000000000000e+00 0.000000000000000000e+00 0.000000000000000000e+00 0.000000000000000000e+00 0.000000000000000000e+00
0.000000000000000000e+00 0.000000000000000000e+00 0.000000000000000000e+00 0.000000000000000000e+00 0.000000000000000000e+00 0.000000000000000000e+00 0.000000000000000000e+00 0.000000000000000000e+00
0.000000000000000000e+00 0.000000000000000000e+00 0.000000000000000000e+00 0.000000000000000000e+00 0.000000000000000000e+00 0.000000000000000000e+00 0.000000000000000000e+00 0.000000000000000000e+00
0.000000000000000000e+00 0.000000000000000000e+00 0.000000000000000000e+00 0.000000000000000000e+00 0.000000000000000000e+00 0.000000000000000000e+00 0.000000000000000000e+00 0.000000000000000000e+00
0.000000000000000000e+00 0.000000000000000000e+00 0.000000000000000000e+00 0.000000000000000000e+00 0.000000000000000000e+00 0.000000000000000000e+00 0.000000000000000000e+00 0.000000000000000000e+00
0.000000000000000000e+00 0.000000000000000000e+00 0.000000000000000000e+00 0.000000000000000000e+00 0.000000000000000000e+00 0.000000000000000000e+00 0.000000000000000000e+00 0.000000000000000000e+00
0.000000000000000000e+00 0.000000000000000000e+00 0.000000000000000000e+00 0.000000000000000000e+00 0.000000000000000000e+00 0.000000000000000000e+00 0.000000000000000000e+00 0.000000000000000000e+00
0.000000000000000000e+00 0.000000000000000000e+00 0.000000000000000000e+00 0.000000000000000000e+00 0.000000000000000000e+00 0.000000000000000000e+00 0.000000000000000000e+00 0.000000000000000000e+00
0.000000000000000000e+00 0.000000000000000000e+00 0.000000000000000000e+00 0.000000000000000000e+00 0.000000000000000000e+00 0.000000000000000000e+00 0.000000000000000000e+00 0.000000000000000000e+00
0.000000000000000000e+00 0.000000000000000000e+00 0.000000000000000000e+00 0.000000000000000000e+00 0.000000000000000000e+00 0.000000000000000000e+00 0.000000000000000000e+00 0.000000000000000000e+00
0.000000000000000000e+00 0.000000000000000000e+00 0.000000000000000000e+00 0.000000000000000000e+00 0.000000000000000000e+00 0.000000000000000000e+00 0.000000000000000000e+00 0.000000000000000000e+00
0.000000000000000000e+00 0.000000000000000000e+00 0.000000000000000000e+00 0.000000000000000000e+00 0.000000000000000000e+00 0.000000000000000000e+00 0.000000000000000000e+00 0.000000000000000000e+00
0.000000000000000000e+00 0.000000000000000000e+00 0.000000000000000000e+00 0.000000000000000000e+00 0.000000000000000000e+00 0.000000000000000000e+00 0.000000000000000000e+00 0.000000000000000000e+00
0.000000000000000000e+00 0.000000000000000000e+00 0.000000000000000000e+00 0.000000000000000000e+00 0.000000000000000000e+00 0.000000000000000000e+00 0.000000000000000000e+00 0.000000000000000000e+00
0.000000000000000000e+00 0.000000000000000000e+00 0.000000000000000000e+00 0.000000000000000000e+00 0.000000000000000000e+00 0.000000000000000000e+00 0.000000000000000000e+00 0.000000000000000000e+00
0.000000000000000000e+00 0.000000000000000000e+00 0.000000000000000000e+00 0.000000000000000000e+00 0.000000000000000000e+00 0.000000000000000000e+00 0.000000000000000000e+00 0.000000000000000000e+00
0.000000000000000000e+00 0.000000000000000000e+00 0.000000000000000000e+00 0.000000000000000000e+00 0.000000000000000000e+00 0.000000000000000000e+00 0.000000000000000000e+00 0.000000000000000000e+00
0.000000000000000000e+00 0.000000000000000000e+00 0.000000000000000000e+00 0.000000000000000000e+00 0.000000000000000000e+00 0.000000000000000000e+00 0.000000000000000000e+00 0.000000000000000000e+00
0.000000000000000000e+00 0.000000000000000000e+00 0.000000000000000000e+00 0.000000000000000000e+00 0.000000000000000000e+00 0.000000000000000000e+00 0.000000000000000000e+00 0.000000000000000000e+00
0.000000000000000000e+00 0.000000000000000000e+00 0.000000000000000000e+00 0.000000000000000000e+00 0.000000000000000000e+00 0.000000000000000000e+00 0.000000000000000000e+00 0.000000000000000000e+00
0.000000000000000000e+00 0.000000000000000000e+00 0.000000000000000000e+00 0.000000000000000000e+00 0.000000000000000000e+00 0.000000000000000000e+00 0.000000000000000000e+00 0.000000000000000000e+00
0.000000000000000000e+00 0.000000000000000000e+00 0.000000000000000000e+00 0.000000000000000000e+00 0.000000000000000000e+00 0.000000000000000000e+00 0.000000000000000000e+00 0.000000000000000000e+00
0.000000000000000000e+00 0.000000000000000000e+00 0.000000000000000000e+00 0.000000000000000000e+00 0.000000000000000000e+00 0.000000000000000000e+00 0.000000000000000000e+00 0.000000000000000000e+00
0.000000000000000000e+00 0.000000000000000000e+00 0.000000000000000000e+00 0.000000000000000000e+00 0.000000000000000000e+00 0.000000000000000000e+00 0.000000000000000000e+00 0.000000000000000000e+00
0.000000000000000000e+00 0.000000000000000000e+00 0.000000000000000000e+00 0.000000000000000000e+00 0.000000000000000000e+00 0.000000000000000000e+00 0.000000000000000000e+00 0.000000000000000000e+00
0.000000000000000000e+00 0.000000000000000000e+00 0.000000000000000000e+00 0.000000000000000000e+00 0.000000000000000000e+00 0.000000000000000000e+00 0.000000000000000000e+00 0.000000000000000000e+00
0.000000000000000000e+00 0.000000000000000000e+00 0.000000000000000000e+00 0.000000000000000000e+00 0.000000000000000000e+00 0.000000000000000000e+00 0.000000000000000000e+00 0.000000000000000000e+00
0.000000000000000000e+00 0.000000000000000000e+00 0.000000000000000000e+00 0.000000000000000000e+00 0.000000000000000000e+00 0.000000000000000000e+00 0.000000000000000000e+00 0.000000000000000000e+00
0.000000000000000000e+00 0.000000000000000000e+00 0.000000000000000000e+00 0.000000000000000000e+00 0.000000000000000000e+00 0.000000000000000000e+00 0.000000000000000000e+00 0.000000000000000000e+00
0.000000000000000000e+00 0.000000000000000000e+00 0.000000000000000000e+00 0.000000000000000000e+00 0.000000000000000000e+00 0.000000000000000000e+00 0.000000000000000000e+00 0.000000000000000000e+00
0.000000000000000000e+00 0.000000000000000000e+00 0.000000000000000000e+00 0.000000000000000000e+00 0.000000000000000000e+00 0.000000000000000000e+00 0.000000000000000000e+00 0.000000000000000000e+00
0.000000000000000000e+00 0.000000000000000000e+00 0.000000000000000000e+00 0.000000000000000000e+00 0.000000000000000000e+00 0.000000000000000000e+00 0.000000000000000000e+00 0.000000000000000000e+00
0.000000000000000000e+00 0.000000000000000000e+00 0.000000000000000000e+00 0.000000000000000000e+00 0.000000000000000000e+00 0.000000000000000000e+00 0.000000000000000000e+00 0.000000000000000000e+00
0.000000000000000000e+00 0.000000000000000000e+00 0.000000000000000000e+00 0.000000000000000000e+00 0.000000000000000000e+00 0.000000000000000000e+00 0.000000000000000000e+00 0.000000000000000000e+00
0.000000000000000000e+00 0.000000000000000000e+00 0.000000000000000000e+00 0.000000000000000000e+00 0.000000000000000000e+00 0.000000000000000000e+00 0.000000000000000000e+00 0.000000000000000000e+00
0.000000000000000000e+00 0.000000000000000000e+00 0.000000000000000000e+00 0.000000000000000000e+00 0.000000000000000000e+00 0.000000000000000000e+00 0.000000000000000000e+00 0.000000000000000000e+00
0.000000000000000000e+00 0.000000000000000000e+00 0.000000000000000000e+00 0.000000000000000000e+00 0.000000000000000000e+00 0.000000000000000000e+00 0.000000000000000000e+00 0.000000000000000000e+00
0.000000000000000000e+00 0.000000000000000000e+00 0.000000000000000000e+00 0.000000000000000000e+00 0.000000000000000000e+00 0.000000000000000000e+00 0.000000000000000000e+00 0.000000000000000000e+00
0.000000000000000000e+00 0.000000000000000000e+00 0.000000000000000000e+00 0.000000000000000000e+00 0.000000000000000000e+00 0.000000000000000000e+00 0.000000000000000000e+00 0.000000000000000000e+00
0.000000000000000000e+00 0.000000000000000000e+00 0.000000000000000000e+00 0.000000000000000000e+00 0.000000000000000000e+00 0.000000000000000000e+00 0.000000000000000000e+00 0.000000000000000000e+00
0.000000000000000000e+00 0.000000000000000000e+00 0.000000000000000000e+00 0.000000000000000000e+00 0.000000000000000000e+00 0.000000000000000000e+00 0.000000000000000000e+00 0.000000000000000000e+00
0.000000000000000000e+00 0.000000000000000000e+00 0.000000000000000000e+00 0.000000000000000000e+00 0.000000000000000000e+00 0.000000000000000000e+00 0.000000000000000000e+00 0.000000000000000000e+00
0.000000000000000000e+00 0.000000000000000000e+00 0.000000000000000000e+00 0.000000000000000000e+00 0.000000000000000000e+00 0.000000000000000000e+00 0.000000000000000000e+00 0.000000000000000000e+00
0.000000000000000000e+00 0.000000000000000000e+00 0.000000000000000000e+00 0.000000000000000000e+00 0.000000000000000000e+00 0.000000000000000000e+00 0.000000000000000000e+00 0.000000000000000000e+00
0.000000000000000000e+00 0.000000000000000000e+00 0.000000000000000000e+00 0.000000000000000000e+00 0.000000000000000000e+00 0.000000000000000000e+00 0.000000000000000000e+00 0.000000000000000000e+00
0.000000000000000000e+00 0.000000000000000000e+00 0.000000000000000000e+00 0.000000000000000000e+00 0.000000000000000000e+00 0.000000000000000000e+00 0.000000000000000000e+00 0.000000000000000000e+00
0.000000000000000000e+00 0.000000000000000000e+00 0.000000000000000000e+00 0.000000000000000000e+00 0.000000000000000000e+00 0.000000000000000000e+00 0.000000000000000000e+00 0.000000000000000000e+00
0.000000000000000000e+00 0.000000000000000000e+00 0.000000000000000000e+00 0.000000000000000000e+00 0.000000000000000000e+00 0.000000000000000000e+00 0.000000000000000000e+00 0.000000000000000000e+00
0.000000000000000000e+00 0.000000000000000000e+00 0.000000000000000000e+00 0.000000000000000000e+00 0.000000000000000000e+00 0.000000000000000000e+00 0.000000000000000000e+00 0.000000000000000000e+00
0.000000000000000000e+00 0.000000000000000000e+00 0.000000000000000000e+00 0.000000000000000000e+00 0.000000000000000000e+00 0.000000000000000000e+00 0.000000000000000000e+00 0.000000000000000000e+00
0.000000000000000000e+00 0.000000000000000000e+00 0.000000000000000000e+00 0.000000000000000000e+00 0.000000000000000000e+00 0.000000000000000000e+00 0.000000000000000000e+00 0.000000000000000000e+00
0.000000000000000000e+00 0.000000000000000000e+00 0.000000000000000000e+00 0.000000000000000000e+00 0.000000000000000000e+00 0.000000000000000000e+00 0.000000000000000000e+00 0.000000000000000000e+00
0.000000000000000000e+00 0.000000000000000000e+00 0.000000000000000000e+00 0.000000000000000000e+00 0.000000000000000000e+00 0.000000000000000000e+00 0.000000000000000000e+00 0.000000000000000000e+00
0.000000000000000000e+00 0.000000000000000000e+00 0.000000000000000000e+00 0.000000000000000000e+00 0.000000000000000000e+00 0.000000000000000000e+00 0.000000000000000000e+00 0.000000000000000000e+00
0.000000000000000000e+00 0.000000000000000000e+00 0.000000000000000000e+00 0.000000000000000000e+00 0.000000000000000000e+00 0.000000000000000000e+00 0.000000000000000000e+00 0.000000000000000000e+00
0.000000000000000000e+00 0.000000000000000000e+00 0.000000000000000000e+00 0.000000000000000000e+00 0.000000000000000000e+00 0.000000000000000000e+00 0.000000000000000000e+00 0.000000000000000000e+00
0.000000000000000000e+00 0.000000000000000000e+00 0.000000000000000000e+00 0.000000000000000000e+00 0.000000000000000000e+00 0.000000000000000000e+00 0.000000000000000000e+00 0.000000000000000000e+00
0.000000000000000000e+00 0.000000000000000000e+00 0.000000000000000000e+00 0.000000000000000000e+00 0.000000000000000000e+00 0.000000000000000000e+00 0.000000000000000000e+00 0.000000000000000000e+00
0.000000000000000000e+00 0.000000000000000000e+00 0.000000000000000000e+00 0.000000000000000000e+00 0.000000000000000000e+00 0.000000000000000000e+00 0.000000000000000000e+00 0.000000000000000000e+00
0.000000000000000000e+00 0.000000000000000000e+00 0.000000000000000000e+00 0.000000000000000000e+00 0.000000000000000000e+00 0.000000000000000000e+00 0.000000000000000000e+00 0.000000000000000000e+00
0.000000000000000000e+00 0.000000000000000000e+00 0.000000000000000000e+00 0.000000000000000000e+00 0.000000000000000000e+00 0.000000000000000000e+00 0.000000000000000000e+00 0.000000000000000000e+00
0.000000000000000000e+00 0.000000000000000000e+00 0.000000000000000000e+00 0.000000000000000000e+00 0.000000000000000000e+00 0.000000000000000000e+00 0.000000000000000000e+00 0.000000000000000000e+00
0.000000000000000000e+00 0.000000000000000000e+00 0.000000000000000000e+00 0.000000000000000000e+00 0.000000000000000000e+00 0.000000000000000000e+00 0.000000000000000000e+00 0.000000000000000000e+00
0.000000000000000000e+00 0.000000000000000000e+00 0.000000000000000000e+00 0.000000000000000000e+00 0.000000000000000000e+00 0.000000000000000000e+00 0.000000000000000000e+00 0.000000000000000000e+00
0.000000000000000000e+00 0.000000000000000000e+00 0.000000000000000000e+00 0.000000000000000000e+00 0.000000000000000000e+00 0.000000000000000000e+00 0.000000000000000000e+00 0.000000000000000000e+00
0.000000000000000000e+00 0.000000000000000000e+00 0.000000000000000000e+00 0.000000000000000000e+00 0.000000000000000000e+00 0.000000000000000000e+00 0.000000000000000000e+00 0.000000000000000000e+00
0.000000000000000000e+00 0.000000000000000000e+00 0.000000000000000000e+00 0.000000000000000000e+00 0.000000000000000000e+00 0.000000000000000000e+00 0.000000000000000000e+00 0.000000000000000000e+00
0.000000000000000000e+00 0.000000000000000000e+00 0.000000000000000000e+00 0.000000000000000000e+00 0.000000000000000000e+00 0.000000000000000000e+00 0.000000000000000000e+00 0.000000000000000000e+00
0.000000000000000000e+00 0.000000000000000000e+00 0.000000000000000000e+00 0.000000000000000000e+00 0.000000000000000000e+00 0.000000000000000000e+00 0.000000000000000000e+00 0.000000000000000000e+00
0.000000000000000000e+00 0.000000000000000000e+00 0.000000000000000000e+00 0.000000000000000000e+00 0.000000000000000000e+00 0.000000000000000000e+00 0.000000000000000000e+00 0.000000000000000000e+00
0.000000000000000000e+00 0.000000000000000000e+00 0.000000000000000000e+00 0.000000000000000000e+00 0.000000000000000000e+00 0.000000000000000000e+00 0.000000000000000000e+00 0.000000000000000000e+00
0.000000000000000000e+00 0.000000000000000000e+00 0.000000000000000000e+00 0.000000000000000000e+00 0.000000000000000000e+00 0.000000000000000000e+00 0.000000000000000000e+00 0.000000000000000000e+00
0.000000000000000000e+00 0.000000000000000000e+00 0.000000000000000000e+00 0.000000000000000000e+00 0.000000000000000000e+00 0.000000000000000000e+00 0.000000000000000000e+00 0.000000000000000000e+00
0.000000000000000000e+00 0.000000000000000000e+00 0.000000000000000000e+00 0.000000000000000000e+00 0.000000000000000000e+00 0.000000000000000000e+00 0.000000000000000000e+00 0.000000000000000000e+00
0.000000000000000000e+00 0.000000000000000000e+00 0.000000000000000000e+00 0.000000000000000000e+00 0.000000000000000000e+00 0.000000000000000000e+00 0.000000000000000000e+00 0.000000000000000000e+00
0.000000000000000000e+00 0.000000000000000000e+00 0.000000000000000000e+00 0.000000000000000000e+00 0.000000000000000000e+00 0.000000000000000000e+00 0.000000000000000000e+00 0.000000000000000000e+00
0.000000000000000000e+00 0.000000000000000000e+00 0.000000000000000000e+00 0.000000000000000000e+00 0.000000000000000000e+00 0.000000000000000000e+00 0.000000000000000000e+00 0.000000000000000000e+00
0.000000000000000000e+00 0.000000000000000000e+00 0.000000000000000000e+00 0.000000000000000000e+00 0.000000000000000000e+00 0.000000000000000000e+00 0.000000000000000000e+00 0.000000000000000000e+00
0.000000000000000000e+00 0.000000000000000000e+00 0.000000000000000000e+00 0.000000000000000000e+00 0.000000000000000000e+00 0.000000000000000000e+00 0.000000000000000000e+00 0.000000000000000000e+00
0.000000000000000000e+00 0.000000000000000000e+00 0.000000000000000000e+00 0.000000000000000000e+00 0.000000000000000000e+00 0.000000000000000000e+00 0.000000000000000000e+00 0.000000000000000000e+00
0.000000000000000000e+00 0.000000000000000000e+00 0.000000000000000000e+00 0.000000000000000000e+00 0.000000000000000000e+00 0.000000000000000000e+00 0.000000000000000000e+00 0.000000000000000000e+00
0.000000000000000000e+00 0.000000000000000000e+00 0.000000000000000000e+00 0.000000000000000000e+00 0.000000000000000000e+00 0.000000000000000000e+00 0.000000000000000000e+00 0.000000000000000000e+00
0.000000000000000000e+00 0.000000000000000000e+00 0.000000000000000000e+00 0.000000000000000000e+00 0.000000000000000000e+00 0.000000000000000000e+00 0.000000000000000000e+00 0.000000000000000000e+00
0.000000000000000000e+00 0.000000000000000000e+00 0.000000000000000000e+00 0.000000000000000000e+00 0.000000000000000000e+00 0.000000000000000000e+00 0.000000000000000000e+00 0.000000000000000000e+00
0.000000000000000000e+00 0.000000000000000000e+00 0.000000000000000000e+00 0.000000000000000000e+00 0.000000000000000000e+00 0.000000000000000000e+00 0.000000000000000000e+00 0.000000000000000000e+00
0.000000000000000000e+00 0.000000000000000000e+00 0.000000000000000000e+00 0.000000000000000000e+00 0.000000000000000000e+00 0.000000000000000000e+00 0.000000000000000000e+00 0.000000000000000000e+00
0.000000000000000000e+00 0.000000000000000000e+00 0.000000000000000000e+00 0.000000000000000000e+00 0.000000000000000000e+00 0.000000000000000000e+00 0.000000000000000000e+00 0.000000000000000000e+00
0.000000000000000000e+00 0.000000000000000000e+00 0.000000000000000000e+00 0.000000000000000000e+00 0.000000000000000000e+00 0.000000000000000000e+00 0.000000000000000000e+00 0.000000000000000000e+00
0.000000000000000000e+00 0.000000000000000000e+00 0.000000000000000000e+00 0.000000000000000000e+00 0.000000000000000000e+00 0.000000000000000000e+00 0.000000000000000000e+00 0.000000000000000000e+00
0.000000000000000000e+00 0.000000000000000000e+00 0.000000000000000000e+00 0.000000000000000000e+00 0.000000000000000000e+00 0.000000000000000000e+00 0.000000000000000000e+00 0.000000000000000000e+00
0.000000000000000000e+00 0.000000000000000000e+00 0.000000000000000000e+00 0.000000000000000000e+00 0.000000000000000000e+00 0.000000000000000000e+00 0.000000000000000000e+00 0.000000000000000000e+00
0.000000000000000000e+00 0.000000000000000000e+00 0.000000000000000000e+00 0.000000000000000000e+00 0.000000000000000000e+00 0.000000000000000000e+00 0.000000000000000000e+00 0.000000000000000000e+00
0.000000000000000000e+00 0.000000000000000000e+00 0.000000000000000000e+00 0.000000000000000000e+00 0.000000000000000000e+00 0.000000000000000000e+00 0.000000000000000000e+00 0.000000000000000000e+00
0.000000000000000000e+00 0.000000000000000000e+00 0.000000000000000000e+00 0.000000000000000000e+00 0.000000000000000000e+00 0.000000000000000000e+00 0.000000000000000000e+00 0.000000000000000000e+00
0.000000000000000000e+00 0.000000000000000000e+00 0.000000000000000000e+00 0.000000000000000000e+00 0.000000000000000000e+00 0.000000000000000000e+00 0.000000000000000000e+00 0.000000000000000000e+00
0.000000000000000000e+00 0.000000000000000000e+00 0.000000000000000000e+00 0.000000000000000000e+00 0.000000000000000000e+00 0.000000000000000000e+00 0.000000000000000000e+00 0.000000000000000000e+00
0.000000000000000000e+00 0.000000000000000000e+00 0.000000000000000000e+00 0.000000000000000000e+00 0.000000000000000000e+00 0.000000000000000000e+00 0.000000000000000000e+00 0.000000000000000000e+00
0.000000000000000000e+00 0.000000000000000000e+00 0.000000000000000000e+00 0.000000000000000000e+00 0.000000000000000000e+00 0.000000000000000000e+00 0.000000000000000000e+00 0.000000000000000000e+00
0.000000000000000000e+00 0.000000000000000000e+00 0.000000000000000000e+00 0.000000000000000000e+00 0.000000000000000000e+00 0.000000000000000000e+00 0.000000000000000000e+00 0.000000000000000000e+00
0.000000000000000000e+00 0.000000000000000000e+00 0.000000000000000000e+00 0.000000000000000000e+00 0.000000000000000000e+00 0.000000000000000000e+00 0.000000000000000000e+00 0.000000000000000000e+00
0.000000000000000000e+00 0.000000000000000000e+00 0.000000000000000000e+00 0.000000000000000000e+00 0.000000000000000000e+00 0.000000000000000000e+00 0.000000000000000000e+00 0.000000000000000000e+00
0.000000000000000000e+00 0.000000000000000000e+00 0.000000000000000000e+00 0.000000000000000000e+00 0.000000000000000000e+00 0.000000000000000000e+00 0.000000000000000000e+00 0.000000000000000000e+00
0.000000000000000000e+00 0.000000000000000000e+00 0.000000000000000000e+00 0.000000000000000000e+00 0.000000000000000000e+00 0.000000000000000000e+00 0.000000000000000000e+00 0.000000000000000000e+00
0.000000000000000000e+00 0.000000000000000000e+00 0.000000000000000000e+00 0.000000000000000000e+00 0.000000000000000000e+00 0.000000000000000000e+00 0.000000000000000000e+00 0.000000000000000000e+00
0.000000000000000000e+00 0.000000000000000000e+00 0.000000000000000000e+00 0.000000000000000000e+00 0.000000000000000000e+00 0.000000000000000000e+00 0.000000000000000000e+00 0.000000000000000000e+00
0.000000000000000000e+00 0.000000000000000000e+00 0.000000000000000000e+00 0.000000000000000000e+00 0.000000000000000000e+00 0.000000000000000000e+00 0.000000000000000000e+00 0.000000000000000000e+00
0.000000000000000000e+00 0.000000000000000000e+00 0.000000000000000000e+00 0.000000000000000000e+00 0.000000000000000000e+00 0.000000000000000000e+00 0.000000000000000000e+00 0.000000000000000000e+00
0.000000000000000000e+00 0.000000000000000000e+00 0.000000000000000000e+00 0.000000000000000000e+00 0.000000000000000000e+00 0.000000000000000000e+00 0.000000000000000000e+00 0.000000000000000000e+00
0.000000000000000000e+00 0.000000000000000000e+00 0.000000000000000000e+00 0.000000000000000000e+00 0.000000000000000000e+00 0.000000000000000000e+00 0.000000000000000000e+00 0.000000000000000000e+00
0.000000000000000000e+00 0.000000000000000000e+00 0.000000000000000000e+00 0.000000000000000000e+00 0.000000000000000000e+00 0.000000000000000000e+00 0.000000000000000000e+00 0.000000000000000000e+00
0.000000000000000000e+00 0.000000000000000000e+00 0.000000000000000000e+00 0.000000000000000000e+00 0.000000000000000000e+00 0.000000000000000000e+00 0.000000000000000000e+00 0.000000000000000000e+00
0.000000000000000000e+00 0.000000000000000000e+00 0.000000000000000000e+00 0.000000000000000000e+00 0.000000000000000000e+00 0.000000000000000000e+00 0.000000000000000000e+00 0.000000000000000000e+00
0.000000000000000000e+00 0.000000000000000000e+00 0.000000000000000000e+00 0.000000000000000000e+00 0.000000000000000000e+00 0.000000000000000000e+00 0.000000000000000000e+00 0.000000000000000000e+00
0.000000000000000000e+00 0.000000000000000000e+00 0.000000000000000000e+00 0.000000000000000000e+00 0.000000000000000000e+00 0.000000000000000000e+00 0.000000000000000000e+00 0.000000000000000000e+00
0.000000000000000000e+00 0.000000000000000000e+00 0.000000000000000000e+00 0.000000000000000000e+00 0.000000000000000000e+00 0.000000000000000000e+00 0.000000000000000000e+00 0.000000000000000000e+00
0.000000000000000000e+00 0.000000000000000000e+00 0.000000000000000000e+00 0.000000000000000000e+00 0.000000000000000000e+00 0.000000000000000000e+00 0.000000000000000000e+00 0.000000000000000000e+00
0.000000000000000000e+00 0.000000000000000000e+00 0.000000000000000000e+00 0.000000000000000000e+00 0.000000000000000000e+00 0.000000000000000000e+00 0.000000000000000000e+00 0.000000000000000000e+00
0.000000000000000000e+00 0.000000000000000000e+00 0.000000000000000000e+00 0.000000000000000000e+00 0.000000000000000000e+00 0.000000000000000000e+00 0.000000000000000000e+00 0.000000000000000000e+00
0.000000000000000000e+00 0.000000000000000000e+00 0.000000000000000000e+00 0.000000000000000000e+00 0.000000000000000000e+00 0.000000000000000000e+00 0.000000000000000000e+00 0.000000000000000000e+00
0.000000000000000000e+00 0.000000000000000000e+00 0.000000000000000000e+00 0.000000000000000000e+00 0.000000000000000000e+00 0.000000000000000000e+00 0.000000000000000000e+00 0.000000000000000000e+00
0.000000000000000000e+00 0.000000000000000000e+00 0.000000000000000000e+00 0.000000000000000000e+00 0.000000000000000000e+00 0.000000000000000000e+00 0.000000000000000000e+00 0.000000000000000000e+00
0.000000000000000000e+00 0.000000000000000000e+00 0.000000000000000000e+00 0.000000000000000000e+00 0.000000000000000000e+00 0.000000000000000000e+00 0.000000000000000000e+00 0.000000000000000000e+00
0.000000000000000000e+00 0.000000000000000000e+00 0.000000000000000000e+00 0.000000000000000000e+00 0.000000000000000000e+00 0.000000000000000000e+00 0.000000000000000000e+00 0.000000000000000000e+00
0.000000000000000000e+00 0.000000000000000000e+00 0.000000000000000000e+00 0.000000000000000000e+00 0.000000000000000000e+00 0.000000000000000000e+00 0.000000000000000000e+00 0.000000000000000000e+00
0.000000000000000000e+00 0.000000000000000000e+00 0.000000000000000000e+00 0.000000000000000000e+00 0.000000000000000000e+00 0.000000000000000000e+00 0.000000000000000000e+00 0.000000000000000000e+00
0.000000000000000000e+00 0.000000000000000000e+00 0.000000000000000000e+00 0.000000000000000000e+00 0.000000000000000000e+00 0.000000000000000000e+00 0.000000000000000000e+00 0.000000000000000000e+00
0.000000000000000000e+00 0.000000000000000000e+00 0.000000000000000000e+00 0.000000000000000000e+00 0.000000000000000000e+00 0.000000000000000000e+00 0.000000000000000000e+00 0.000000000000000000e+00
0.000000000000000000e+00 0.000000000000000000e+00 0.000000000000000000e+00 0.000000000000000000e+00 0.000000000000000000e+00 0.000000000000000000e+00 0.000000000000000000e+00 0.000000000000000000e+00
0.000000000000000000e+00 0.000000000000000000e+00 0.000000000000000000e+00 0.000000000000000000e+00 0.000000000000000000e+00 0.000000000000000000e+00 0.000000000000000000e+00 0.000000000000000000e+00
0.000000000000000000e+00 0.000000000000000000e+00 0.000000000000000000e+00 0.000000000000000000e+00 0.000000000000000000e+00 0.000000000000000000e+00 0.000000000000000000e+00 0.000000000000000000e+00
0.000000000000000000e+00 0.000000000000000000e+00 0.000000000000000000e+00 0.000000000000000000e+00 0.000000000000000000e+00 0.000000000000000000e+00 0.000000000000000000e+00 0.000000000000000000e+00
0.000000000000000000e+00 0.000000000000000000e+00 0.000000000000000000e+00 0.000000000000000000e+00 0.000000000000000000e+00 0.000000000000000000e+00 0.000000000000000000e+00 0.000000000000000000e+00
0.000000000000000000e+00 0.000000000000000000e+00 0.000000000000000000e+00 0.000000000000000000e+00 0.000000000000000000e+00 0.000000000000000000e+00 0.000000000000000000e+00 0.000000000000000000e+00
0.000000000000000000e+00 0.000000000000000000e+00 0.000000000000000000e+00 0.000000000000000000e+00 0.000000000000000000e+00 0.000000000000000000e+00 0.000000000000000000e+00 0.000000000000000000e+00
0.000000000000000000e+00 0.000000000000000000e+00 0.000000000000000000e+00 0.000000000000000000e+00 0.000000000000000000e+00 0.000000000000000000e+00 0.000000000000000000e+00 0.000000000000000000e+00
0.000000000000000000e+00 0.000000000000000000e+00 0.000000000000000000e+00 0.000000000000000000e+00 0.000000000000000000e+00 0.000000000000000000e+00 0.000000000000000000e+00 0.000000000000000000e+00
0.000000000000000000e+00 0.000000000000000000e+00 0.000000000000000000e+00 0.000000000000000000e+00 0.000000000000000000e+00 0.000000000000000000e+00 0.000000000000000000e+00 0.000000000000000000e+00
0.000000000000000000e+00 0.000000000000000000e+00 0.000000000000000000e+00 0.000000000000000000e+00 0.000000000000000000e+00 0.000000000000000000e+00 0.000000000000000000e+00 0.000000000000000000e+00
0.000000000000000000e+00 0.000000000000000000e+00 0.000000000000000000e+00 0.000000000000000000e+00 0.000000000000000000e+00 0.000000000000000000e+00 0.000000000000000000e+00 0.000000000000000000e+00
0.000000000000000000e+00 0.000000000000000000e+00 0.000000000000000000e+00 0.000000000000000000e+00 0.000000000000000000e+00 0.000000000000000000e+00 0.000000000000000000e+00 0.000000000000000000e+00
0.000000000000000000e+00 0.000000000000000000e+00 0.000000000000000000e+00 0.000000000000000000e+00 0.000000000000000000e+00 0.000000000000000000e+00 0.000000000000000000e+00 0.000000000000000000e+00
0.000000000000000000e+00 0.000000000000000000e+00 0.000000000000000000e+00 0.000000000000000000e+00 0.000000000000000000e+00 0.000000000000000000e+00 0.000000000000000000e+00 0.000000000000000000e+00
0.000000000000000000e+00 0.000000000000000000e+00 0.000000000000000000e+00 0.000000000000000000e+00 0.000000000000000000e+00 0.000000000000000000e+00 0.000000000000000000e+00 0.000000000000000000e+00
0.000000000000000000e+00 0.000000000000000000e+00 0.000000000000000000e+00 0.000000000000000000e+00 0.000000000000000000e+00 0.000000000000000000e+00 0.000000000000000000e+00 0.000000000000000000e+00
0.000000000000000000e+00 0.000000000000000000e+00 0.000000000000000000e+00 0.000000000000000000e+00 0.000000000000000000e+00 0.000000000000000000e+00 0.000000000000000000e+00 0.000000000000000000e+00
0.000000000000000000e+00 0.000000000000000000e+00 0.000000000000000000e+00 0.000000000000000000e+00 0.000000000000000000e+00 0.000000000000000000e+00 0.000000000000000000e+00 0.000000000000000000e+00
0.000000000000000000e+00 0.000000000000000000e+00 0.000000000000000000e+00 0.000000000000000000e+00 0.000000000000000000e+00 0.000000000000000000e+00 0.000000000000000000e+00 0.000000000000000000e+00
0.000000000000000000e+00 0.000000000000000000e+00 0.000000000000000000e+00 0.000000000000000000e+00 0.000000000000000000e+00 0.000000000000000000e+00 0.000000000000000000e+00 0.000000000000000000e+00
0.000000000000000000e+00 0.000000000000000000e+00 0.000000000000000000e+00 0.000000000000000000e+00 0.000000000000000000e+00 0.000000000000000000e+00 0.000000000000000000e+00 0.000000000000000000e+00
0.000000000000000000e+00 0.000000000000000000e+00 0.000000000000000000e+00 0.000000000000000000e+00 0.000000000000000000e+00 0.000000000000000000e+00 0.000000000000000000e+00 0.000000000000000000e+00
0.000000000000000000e+00 0.000000000000000000e+00 0.000000000000000000e+00 0.000000000000000000e+00 0.000000000000000000e+00 0.000000000000000000e+00 0.000000000000000000e+00 0.000000000000000000e+00
0.000000000000000000e+00 0.000000000000000000e+00 0.000000000000000000e+00 0.000000000000000000e+00 0.000000000000000000e+00 0.000000000000000000e+00 0.000000000000000000e+00 0.000000000000000000e+00
0.000000000000000000e+00 0.000000000000000000e+00 0.000000000000000000e+00 0.000000000000000000e+00 0.000000000000000000e+00 0.000000000000000000e+00 0.000000000000000000e+00 0.000000000000000000e+00
0.000000000000000000e+00 0.000000000000000000e+00 0.000000000000000000e+00 0.000000000000000000e+00 0.000000000000000000e+00 0.000000000000000000e+00 0.000000000000000000e+00 0.000000000000000000e+00
0.000000000000000000e+00 0.000000000000000000e+00 0.000000000000000000e+00 0.000000000000000000e+00 0.000000000000000000e+00 0.000000000000000000e+00 0.000000000000000000e+00 0.000000000000000000e+00
0.000000000000000000e+00 0.000000000000000000e+00 0.000000000000000000e+00 0.000000000000000000e+00 0.000000000000000000e+00 0.000000000000000000e+00 0.000000000000000000e+00 0.000000000000000000e+00
0.000000000000000000e+00 0.000000000000000000e+00 0.000000000000000000e+00 0.000000000000000000e+00 0.000000000000000000e+00 0.000000000000000000e+00 0.000000000000000000e+00 0.000000000000000000e+00
0.000000000000000000e+00 0.000000000000000000e+00 0.000000000000000000e+00 0.000000000000000000e+00 0.000000000000000000e+00 0.000000000000000000e+00 0.000000000000000000e+00 0.000000000000000000e+00
0.000000000000000000e+00 0.000000000000000000e+00 0.000000000000000000e+00 0.000000000000000000e+00 0.000000000000000000e+00 0.000000000000000000e+00 0.000000000000000000e+00 0.000000000000000000e+00
0.000000000000000000e+00 0.000000000000000000e+00 0.000000000000000000e+00 0.000000000000000000e+00 0.000000000000000000e+00 0.000000000000000000e+00 0.000000000000000000e+00 0.000000000000000000e+00
0.000000000000000000e+00 0.000000000000000000e+00 0.000000000000000000e+00 0.000000000000000000e+00 0.000000000000000000e+00 0.000000000000000000e+00 0.000000000000000000e+00 0.000000000000000000e+00
0.000000000000000000e+00 0.000000000000000000e+00 0.000000000000000000e+00 0.000000000000000000e+00 0.000000000000000000e+00 0.000000000000000000e+00 0.000000000000000000e+00 0.000000000000000000e+00
0.000000000000000000e+00 0.000000000000000000e+00 0.000000000000000000e+00 0.000000000000000000e+00 0.000000000000000000e+00 0.000000000000000000e+00 0.000000000000000000e+00 0.000000000000000000e+00
0.000000000000000000e+00 0.000000000000000000e+00 0.000000000000000000e+00 0.000000000000000000e+00 0.000000000000000000e+00 0.000000000000000000e+00 0.000000000000000000e+00 0.000000000000000000e+00
0.000000000000000000e+00 0.000000000000000000e+00 0.000000000000000000e+00 0.000000000000000000e+00 0.000000000000000000e+00 0.000000000000000000e+00 0.000000000000000000e+00 0.000000000000000000e+00
0.000000000000000000e+00 0.000000000000000000e+00 0.000000000000000000e+00 0.000000000000000000e+00 0.000000000000000000e+00 0.000000000000000000e+00 0.000000000000000000e+00 0.000000000000000000e+00
0.000000000000000000e+00 0.000000000000000000e+00 0.000000000000000000e+00 0.000000000000000000e+00 0.000000000000000000e+00 0.000000000000000000e+00 0.000000000000000000e+00 0.000000000000000000e+00
0.000000000000000000e+00 0.000000000000000000e+00 0.000000000000000000e+00 0.000000000000000000e+00 0.000000000000000000e+00 0.000000000000000000e+00 0.000000000000000000e+00 0.000000000000000000e+00
0.000000000000000000e+00 0.000000000000000000e+00 0.000000000000000000e+00 0.000000000000000000e+00 0.000000000000000000e+00 0.000000000000000000e+00 0.000000000000000000e+00 0.000000000000000000e+00
0.000000000000000000e+00 0.000000000000000000e+00 0.000000000000000000e+00 0.000000000000000000e+00 0.000000000000000000e+00 0.000000000000000000e+00 0.000000000000000000e+00 0.000000000000000000e+00
0.000000000000000000e+00 0.000000000000000000e+00 0.000000000000000000e+00 0.000000000000000000e+00 0.000000000000000000e+00 0.000000000000000000e+00 0.000000000000000000e+00 0.000000000000000000e+00
0.000000000000000000e+00 0.000000000000000000e+00 0.000000000000000000e+00 0.000000000000000000e+00 0.000000000000000000e+00 0.000000000000000000e+00 0.000000000000000000e+00 0.000000000000000000e+00
0.000000000000000000e+00 0.000000000000000000e+00 0.000000000000000000e+00 0.000000000000000000e+00 0.000000000000000000e+00 0.000000000000000000e+00 0.000000000000000000e+00 0.000000000000000000e+00
0.000000000000000000e+00 0.000000000000000000e+00 0.000000000000000000e+00 0.000000000000000000e+00 0.000000000000000000e+00 0.000000000000000000e+00 0.000000000000000000e+00 0.000000000000000000e+00
0.000000000000000000e+00 0.000000000000000000e+00 0.000000000000000000e+00 0.000000000000000000e+00 0.000000000000000000e+00 0.000000000000000000e+00 0.000000000000000000e+00 0.000000000000000000e+00
0.000000000000000000e+00 0.000000000000000000e+00 0.000000000000000000e+00 0.000000000000000000e+00 0.000000000000000000e+00 0.000000000000000000e+00 0.000000000000000000e+00 0.000000000000000000e+00
0.000000000000000000e+00 0.000000000000000000e+00 0.000000000000000000e+00 0.000000000000000000e+00 0.000000000000000000e+00 0.000000000000000000e+00 0.000000000000000000e+00 0.000000000000000000e+00
0.000000000000000000e+00 0.000000000000000000e+00 0.000000000000000000e+00 0.000000000000000000e+00 0.000000000000000000e+00 0.000000000000000000e+00 0.000000000000000000e+00 0.000000000000000000e+00
0.000000000000000000e+00 0.000000000000000000e+00 0.000000000000000000e+00 0.000000000000000000e+00 0.000000000000000000e+00 0.000000000000000000e+00 0.000000000000000000e+00 0.000000000000000000e+00
0.000000000000000000e+00 0.000000000000000000e+00 0.000000000000000000e+00 0.000000000000000000e+00 0.000000000000000000e+00 0.000000000000000000e+00 0.000000000000000000e+00 0.000000000000000000e+00
0.000000000000000000e+00 0.000000000000000000e+00 0.000000000000000000e+00 0.000000000000000000e+00 0.000000000000000000e+00 0.000000000000000000e+00 0.000000000000000000e+00 0.000000000000000000e+00
0.000000000000000000e+00 0.000000000000000000e+00 0.000000000000000000e+00 0.000000000000000000e+00 0.000000000000000000e+00 0.000000000000000000e+00 0.000000000000000000e+00 0.000000000000000000e+00
0.000000000000000000e+00 0.000000000000000000e+00 0.000000000000000000e+00 0.000000000000000000e+00 0.000000000000000000e+00 0.000000000000000000e+00 0.000000000000000000e+00 0.000000000000000000e+00
0.000000000000000000e+00 0.000000000000000000e+00 0.000000000000000000e+00 0.000000000000000000e+00 0.000000000000000000e+00 0.000000000000000000e+00 0.000000000000000000e+00 0.000000000000000000e+00
0.000000000000000000e+00 0.000000000000000000e+00 0.000000000000000000e+00 0.000000000000000000e+00 0.000000000000000000e+00 0.000000000000000000e+00 0.000000000000000000e+00 0.000000000000000000e+00
0.000000000000000000e+00 0.000000000000000000e+00 0.000000000000000000e+00 0.000000000000000000e+00 0.000000000000000000e+00 0.000000000000000000e+00 0.000000000000000000e+00 0.000000000000000000e+00
0.000000000000000000e+00 0.000000000000000000e+00 0.000000000000000000e+00 0.000000000000000000e+00 0.000000000000000000e+00 0.000000000000000000e+00 0.000000000000000000e+00 0.000000000000000000e+00
0.000000000000000000e+00 0.000000000000000000e+00 0.000000000000000000e+00 0.000000000000000000e+00 0.000000000000000000e+00 0.000000000000000000e+00 0.000000000000000000e+00 0.000000000000000000e+00
0.000000000000000000e+00 0.000000000000000000e+00 0.000000000000000000e+00 0.000000000000000000e+00 0.000000000000000000e+00 0.000000000000000000e+00 0.000000000000000000e+00 0.000000000000000000e+00
0.000000000000000000e+00 0.000000000000000000e+00 0.000000000000000000e+00 0.000000000000000000e+00 0.000000000000000000e+00 0.000000000000000000e+00 0.000000000000000000e+00 0.000000000000000000e+00
0.000000000000000000e+00 0.000000000000000000e+00 0.000000000000000000e+00 0.000000000000000000e+00 0.000000000000000000e+00 0.000000000000000000e+00 0.000000000000000000e+00 0.000000000000000000e+00
0.000000000000000000e+00 0.000000000000000000e+00 0.000000000000000000e+00 0.000000000000000000e+00 0.000000000000000000e+00 0.000000000000000000e+00 0.000000000000000000e+00 0.000000000000000000e+00
0.000000000000000000e+00 0.000000000000000000e+00 0.000000000000000000e+00 0.000000000000000000e+00 0.000000000000000000e+00 0.000000000000000000e+00 0.000000000000000000e+00 0.000000000000000000e+00
0.000000000000000000e+00 0.000000000000000000e+00 0.000000000000000000e+00 0.000000000000000000e+00 0.000000000000000000e+00 0.000000000000000000e+00 0.000000000000000000e+00 0.000000000000000000e+00
0.000000000000000000e+00 0.000000000000000000e+00 0.000000000000000000e+00 0.000000000000000000e+00 0.000000000000000000e+00 0.000000000000000000e+00 0.000000000000000000e+00 0.000000000000000000e+00
0.000000000000000000e+00 0.000000000000000000e+00 0.000000000000000000e+00 0.000000000000000000e+00 0.000000000000000000e+00 0.000000000000000000e+00 0.000000000000000000e+00 0.000000000000000000e+00
0.000000000000000000e+00 0.000000000000000000e+00 0.000000000000000000e+00 0.000000000000000000e+00 0.000000000000000000e+00 0.000000000000000000e+00 0.000000000000000000e+00 0.000000000000000000e+00
0.000000000000000000e+00 0.000000000000000000e+00 0.000000000000000000e+00 0.000000000000000000e+00 0.000000000000000000e+00 0.000000000000000000e+00 0.000000000000000000e+00 0.000000000000000000e+00
0.000000000000000000e+00 0.000000000000000000e+00 0.000000000000000000e+00 0.000000000000000000e+00 0.000000000000000000e+00 0.000000000000000000e+00 0.000000000000000000e+00 0.000000000000000000e+00
0.000000000000000000e+00 0.000000000000000000e+00 0.000000000000000000e+00 0.000000000000000000e+00 0.000000000000000000e+00 0.000000000000000000e+00 0.000000000000000000e+00 0.000000000000000000e+00
0.000000000000000000e+00 0.000000000000000000e+00 0.000000000000000000e+00 0.000000000000000000e+00 0.000000000000000000e+00 0.000000000000000000e+00 0.000000000000000000e+00 0.000000000000000000e+00
0.000000000000000000e+00 0.000000000000000000e+00 0.000000000000000000e+00 0.000000000000000000e+00 0.000000000000000000e+00 0.000000000000000000e+00 0.000000000000000000e+00 0.000000000000000000e+00
0.000000000000000000e+00 0.000000000000000000e+00 0.000000000000000000e+00 0.000000000000000000e+00 0.000000000000000000e+00 0.000000000000000000e+00 0.000000000000000000e+00 0.000000000000000000e+00
0.000000000000000000e+00 0.000000000000000000e+00 0.000000000000000000e+00 0.000000000000000000e+00 0.000000000000000000e+00 0.000000000000000000e+00 0.000000000000000000e+00 0.000000000000000000e+00
0.000000000000000000e+00 0.000000000000000000e+00 0.000000000000000000e+00 0.000000000000000000e+00 0.000000000000000000e+00 0.000000000000000000e+00 0.000000000000000000e+00 0.000000000000000000e+00
0.000000000000000000e+00 0.000000000000000000e+00 0.000000000000000000e+00 0.000000000000000000e+00 0.000000000000000000e+00 0.000000000000000000e+00 0.000000000000000000e+00 0.000000000000000000e+00
0.000000000000000000e+00 0.000000000000000000e+00 0.000000000000000000e+00 0.000000000000000000e+00 0.000000000000000000e+00 0.000000000000000000e+00 0.000000000000000000e+00 0.000000000000000000e+00
0.000000000000000000e+00 0.000000000000000000e+00 0.000000000000000000e+00 0.000000000000000000e+00 0.000000000000000000e+00 0.000000000000000000e+00 0.000000000000000000e+00 0.000000000000000000e+00
0.000000000000000000e+00 0.000000000000000000e+00 0.000000000000000000e+00 0.000000000000000000e+00 0.000000000000000000e+00 0.000000000000000000e+00 0.000000000000000000e+00 0.000000000000000000e+00
0.000000000000000000e+00 0.000000000000000000e+00 0.000000000000000000e+00 0.000000000000000000e+00 0.000000000000000000e+00 0.000000000000000000e+00 0.000000000000000000e+00 0.000000000000000000e+00
0.000000000000000000e+00 0.000000000000000000e+00 0.000000000000000000e+00 0.000000000000000000e+00 0.000000000000000000e+00 0.000000000000000000e+00 0.000000000000000000e+00 0.000000000000000000e+00
0.000000000000000000e+00 0.000000000000000000e+00 0.000000000000000000e+00 0.000000000000000000e+00 0.000000000000000000e+00 0.000000000000000000e+00 0.000000000000000000e+00 0.000000000000000000e+00
0.000000000000000000e+00 0.000000000000000000e+00 0.000000000000000000e+00 0.000000000000000000e+00 0.000000000000000000e+00 0.000000000000000000e+00 0.000000000000000000e+00 0.000000000000000000e+00
0.000000000000000000e+00 0.000000000000000000e+00 0.000000000000000000e+00 0.000000000000000000e+00 0.000000000000000000e+00 0.000000000000000000e+00 0.000000000000000000e+00 0.000000000000000000e+00
0.000000000000000000e+00 0.000000000000000000e+00 0.000000000000000000e+00 0.000000000000000000e+00 0.000000000000000000e+00 0.000000000000000000e+00 0.000000000000000000e+00 0.000000000000000000e+00
0.000000000000000000e+00 0.000000000000000000e+00 0.000000000000000000e+00 0.000000000000000000e+00 0.000000000000000000e+00 0.000000000000000000e+00 0.000000000000000000e+00 0.000000000000000000e+00
0.000000000000000000e+00 0.000000000000000000e+00 0.000000000000000000e+00 0.000000000000000000e+00 0.000000000000000000e+00 0.000000000000000000e+00 0.000000000000000000e+00 0.000000000000000000e+00
0.000000000000000000e+00 0.000000000000000000e+00 0.000000000000000000e+00 0.000000000000000000e+00 0.000000000000000000e+00 0.000000000000000000e+00 0.000000000000000000e+00 0.000000000000000000e+00
0.000000000000000000e+00 0.000000000000000000e+00 0.000000000000000000e+00 0.000000000000000000e+00 0.000000000000000000e+00 0.000000000000000000e+00 0.000000000000000000e+00 0.000000000000000000e+00
0.000000000000000000e+00 0.000000000000000000e+00 0.000000000000000000e+00 0.000000000000000000e+00 0.000000000000000000e+00 0.000000000000000000e+00 0.000000000000000000e+00 0.000000000000000000e+00
0.000000000000000000e+00 0.000000000000000000e+00 0.000000000000000000e+00 0.000000000000000000e+00 0.000000000000000000e+00 0.000000000000000000e+00 0.000000000000000000e+00 0.000000000000000000e+00
0.000000000000000000e+00 0.000000000000000000e+00 0.000000000000000000e+00 0.000000000000000000e+00 0.000000000000000000e+00 0.000000000000000000e+00 0.000000000000000000e+00 0.000000000000000000e+00
0.000000000000000000e+00 0.000000000000000000e+00 0.000000000000000000e+00 0.000000000000000000e+00 0.000000000000000000e+00 0.000000000000000000e+00 0.000000000000000000e+00 0.000000000000000000e+00
0.000000000000000000e+00 0.000000000000000000e+00 0.000000000000000000e+00 0.000000000000000000e+00 0.000000000000000000e+00 0.000000000000000000e+00 0.000000000000000000e+00 0.000000000000000000e+00
0.000000000000000000e+00 0.000000000000000000e+00 0.000000000000000000e+00 0.000000000000000000e+00 0.000000000000000000e+00 0.000000000000000000e+00 0.000000000000000000e+00 0.000000000000000000e+00
0.000000000000000000e+00 0.000000000000000000e+00 0.000000000000000000e+00 0.000000000000000000e+00 0.000000000000000000e+00 0.000000000000000000e+00 0.000000000000000000e+00 0.000000000000000000e+00
0.000000000000000000e+00 0.000000000000000000e+00 0.000000000000000000e+00 0.000000000000000000e+00 0.000000000000000000e+00 0.000000000000000000e+00 0.000000000000000000e+00 0.000000000000000000e+00
0.000000000000000000e+00 0.000000000000000000e+00 0.000000000000000000e+00 0.000000000000000000e+00 0.000000000000000000e+00 0.000000000000000000e+00 0.000000000000000000e+00 0.000000000000000000e+00
0.000000000000000000e+00 0.000000000000000000e+00 0.000000000000000000e+00 0.000000000000000000e+00 0.000000000000000000e+00 0.000000000000000000e+00 0.000000000000000000e+00 0.000000000000000000e+00
0.000000000000000000e+00 0.000000000000000000e+00 0.000000000000000000e+00 0.000000000000000000e+00 0.000000000000000000e+00 0.000000000000000000e+00 0.000000000000000000e+00 0.000000000000000000e+00
0.000000000000000000e+00 0.000000000000000000e+00 0.000000000000000000e+00 0.000000000000000000e+00 0.000000000000000000e+00 0.000000000000000000e+00 0.000000000000000000e+00 0.000000000000000000e+00
0.000000000000000000e+00 0.000000000000000000e+00 0.000000000000000000e+00 0.000000000000000000e+00 0.000000000000000000e+00 0.000000000000000000e+00 0.000000000000000000e+00 0.000000000000000000e+00
0.000000000000000000e+00 0.000000000000000000e+00 0.000000000000000000e+00 0.000000000000000000e+00 0.000000000000000000e+00 0.000000000000000000e+00 0.000000000000000000e+00 0.000000000000000000e+00
0.000000000000000000e+00 0.000000000000000000e+00 0.000000000000000000e+00 0.000000000000000000e+00 0.000000000000000000e+00 0.000000000000000000e+00 0.000000000000000000e+00 0.000000000000000000e+00
0.000000000000000000e+00 0.000000000000000000e+00 0.000000000000000000e+00 0.000000000000000000e+00 0.000000000000000000e+00 0.000000000000000000e+00 0.000000000000000000e+00 0.000000000000000000e+00
0.000000000000000000e+00 0.000000000000000000e+00 0.000000000000000000e+00 0.000000000000000000e+00 0.000000000000000000e+00 0.000000000000000000e+00 0.000000000000000000e+00 0.000000000000000000e+00
0.000000000000000000e+00 0.000000000000000000e+00 0.000000000000000000e+00 0.000000000000000000e+00 0.000000000000000000e+00 0.000000000000000000e+00 0.000000000000000000e+00 0.000000000000000000e+00
0.000000000000000000e+00 0.000000000000000000e+00 0.000000000000000000e+00 0.000000000000000000e+00 0.000000000000000000e+00 0.000000000000000000e+00 0.000000000000000000e+00 0.000000000000000000e+00
0.000000000000000000e+00 0.000000000000000000e+00 0.000000000000000000e+00 0.000000000000000000e+00 0.000000000000000000e+00 0.000000000000000000e+00 0.000000000000000000e+00 0.000000000000000000e+00
0.000000000000000000e+00 0.000000000000000000e+00 0.000000000000000000e+00 0.000000000000000000e+00 0.000000000000000000e+00 0.000000000000000000e+00 0.000000000000000000e+00 0.000000000000000000e+00
0.000000000000000000e+00 0.000000000000000000e+00 0.000000000000000000e+00 0.000000000000000000e+00 0.000000000000000000e+00 0.000000000000000000e+00 0.000000000000000000e+00 0.000000000000000000e+00
0.000000000000000000e+00 0.000000000000000000e+00 0.000000000000000000e+00 0.000000000000000000e+00 0.000000000000000000e+00 0.000000000000000000e+00 0.000000000000000000e+00 0.000000000000000000e+00
0.000000000000000000e+00 0.000000000000000000e+00 0.000000000000000000e+00 0.000000000000000000e+00 0.000000000000000000e+00 0.000000000000000000e+00 0.000000000000000000e+00 0.000000000000000000e+00
0.000000000000000000e+00 0.000000000000000000e+00 0.000000000000000000e+00 0.000000000000000000e+00 0.000000000000000000e+00 0.000000000000000000e+00 0.000000000000000000e+00 0.000000000000000000e+00
0.000000000000000000e+00 0.000000000000000000e+00 0.000000000000000000e+00 0.000000000000000000e+00 0.000000000000000000e+00 0.000000000000000000e+00 0.000000000000000000e+00 0.000000000000000000e+00
0.000000000000000000e+00 0.000000000000000000e+00 0.000000000000000000e+00 0.000000000000000000e+00 0.000000000000000000e+00 0.000000000000000000e+00 0.000000000000000000e+00 0.000000000000000000e+00
0.000000000000000000e+00 0.000000000000000000e+00 0.000000000000000000e+00 0.000000000000000000e+00 0.000000000000000000e+00 0.000000000000000000e+00 0.000000000000000000e+00 0.000000000000000000e+00
0.000000000000000000e+00 0.000000000000000000e+00 0.000000000000000000e+00 0.000000000000000000e+00 0.000000000000000000e+00 0.000000000000000000e+00 0.000000000000000000e+00 0.000000000000000000e+00
0.000000000000000000e+00 0.000000000000000000e+00 0.000000000000000000e+00 0.000000000000000000e+00 0.000000000000000000e+00 0.000000000000000000e+00 0.000000000000000000e+00 0.000000000000000000e+00
0.000000000000000000e+00 0.000000000000000000e+00 0.000000000000000000e+00 0.000000000000000000e+00 0.000000000000000000e+00 0.000000000000000000e+00 0.000000000000000000e+00 0.000000000000000000e+00
0.000000000000000000e+00 0.000000000000000000e+00 0.000000000000000000e+00 0.000000000000000000e+00 0.000000000000000000e+00 0.000000000000000000e+00 0.000000000000000000e+00 0.000000000000000000e+00
0.000000000000000000e+00 0.000000000000000000e+00 0.000000000000000000e+00 0.000000000000000000e+00 0.000000000000000000e+00 0.000000000000000000e+00 0.000000000000000000e+00 0.000000000000000000e+00
0.000000000000000000e+00 0.000000000000000000e+00 0.000000000000000000e+00 0.000000000000000000e+00 0.000000000000000000e+00 0.000000000000000000e+00 0.000000000000000000e+00 0.000000000000000000e+00
0.000000000000000000e+00 0.000000000000000000e+00 0.000000000000000000e+00 0.000000000000000000e+00 0.000000000000000000e+00 0.000000000000000000e+00 0.000000000000000000e+00 0.000000000000000000e+00
0.000000000000000000e+00 0.000000000000000000e+00 0.000000000000000000e+00 0.000000000000000000e+00 0.000000000000000000e+00 0.000000000000000000e+00 0.000000000000000000e+00 0.000000000000000000e+00
0.000000000000000000e+00 0.000000000000000000e+00 0.000000000000000000e+00 0.000000000000000000e+00 0.000000000000000000e+00 0.000000000000000000e+00 0.000000000000000000e+00 0.000000000000000000e+00
0.000000000000000000e+00 0.000000000000000000e+00 0.000000000000000000e+00 0.000000000000000000e+00 0.000000000000000000e+00 0.000000000000000000e+00 0.000000000000000000e+00 0.000000000000000000e+00
0.000000000000000000e+00 0.000000000000000000e+00 0.000000000000000000e+00 0.000000000000000000e+00 0.000000000000000000e+00 0.000000000000000000e+00 0.000000000000000000e+00 0.000000000000000000e+00
0.000000000000000000e+00 0.000000000000000000e+00 0.000000000000000000e+00 0.000000000000000000e+00 0.000000000000000000e+00 0.000000000000000000e+00 0.000000000000000000e+00 0.000000000000000000e+00
0.000000000000000000e+00 0.000000000000000000e+00 0.000000000000000000e+00 0.000000000000000000e+00 0.000000000000000000e+00 0.000000000000000000e+00 0.000000000000000000e+00 0.000000000000000000e+00
0.000000000000000000e+00 0.000000000000000000e+00 0.000000000000000000e+00 0.000000000000000000e+00 0.000000000000000000e+00 0.000000000000000000e+00 0.000000000000000000e+00 0.000000000000000000e+00
0.000000000000000000e+00 0.000000000000000000e+00 0.000000000000000000e+00 0.000000000000000000e+00 0.000000000000000000e+00 0.000000000000000000e+00 0.000000000000000000e+00 0.000000000000000000e+00
0.000000000000000000e+00 0.000000000000000000e+00 0.000000000000000000e+00 0.000000000000000000e+00 0.000000000000000000e+00 0.000000000000000000e+00 0.000000000000000000e+00 0.000000000000000000e+00
0.000000000000000000e+00 0.000000000000000000e+00 0.000000000000000000e+00 0.000000000000000000e+00 0.000000000000000000e+00 0.000000000000000000e+00 0.000000000000000000e+00 0.000000000000000000e+00
0.000000000000000000e+00 0.000000000000000000e+00 0.000000000000000000e+00 0.000000000000000000e+00 0.000000000000000000e+00 0.000000000000000000e+00 0.000000000000000000e+00 0.000000000000000000e+00
0.000000000000000000e+00 0.000000000000000000e+00 0.000000000000000000e+00 0.000000000000000000e+00 0.000000000000000000e+00 0.000000000000000000e+00 0.000000000000000000e+00 0.000000000000000000e+00
0.000000000000000000e+00 0.000000000000000000e+00 0.000000000000000000e+00 0.000000000000000000e+00 0.000000000000000000e+00 0.000000000000000000e+00 0.000000000000000000e+00 0.000000000000000000e+00
0.000000000000000000e+00 0.000000000000000000e+00 0.000000000000000000e+00 0.000000000000000000e+00 0.000000000000000000e+00 0.000000000000000000e+00 0.000000000000000000e+00 0.000000000000000000e+00
0.000000000000000000e+00 0.000000000000000000e+00 0.000000000000000000e+00 0.000000000000000000e+00 0.000000000000000000e+00 0.000000000000000000e+00 0.000000000000000000e+00 0.000000000000000000e+00
0.000000000000000000e+00 0.000000000000000000e+00 0.000000000000000000e+00 0.000000000000000000e+00 0.000000000000000000e+00 0.000000000000000000e+00 0.000000000000000000e+00 0.000000000000000000e+00
0.000000000000000000e+00 0.000000000000000000e+00 0.000000000000000000e+00 0.000000000000000000e+00 0.000000000000000000e+00 0.000000000000000000e+00 0.000000000000000000e+00 0.000000000000000000e+00
0.000000000000000000e+00 0.000000000000000000e+00 0.000000000000000000e+00 0.000000000000000000e+00 0.000000000000000000e+00 0.000000000000000000e+00 0.000000000000000000e+00 0.000000000000000000e+00
0.000000000000000000e+00 0.000000000000000000e+00 0.000000000000000000e+00 0.000000000000000000e+00 0.000000000000000000e+00 0.000000000000000000e+00 0.000000000000000000e+00 0.000000000000000000e+00
0.000000000000000000e+00 0.000000000000000000e+00 0.000000000000000000e+00 0.000000000000000000e+00 0.000000000000000000e+00 0.000000000000000000e+00 0.000000000000000000e+00 0.000000000000000000e+00
0.000000000000000000e+00 0.000000000000000000e+00 0.000000000000000000e+00 0.000000000000000000e+00 0.000000000000000000e+00 0.000000000000000000e+00 0.000000000000000000e+00 0.000000000000000000e+00
0.000000000000000000e+00 0.000000000000000000e+00 0.000000000000000000e+00 0.000000000000000000e+00 0.000000000000000000e+00 0.000000000000000000e+00 0.000000000000000000e+00 0.000000000000000000e+00
0.000000000000000000e+00 0.000000000000000000e+00 0.000000000000000000e+00 0.000000000000000000e+00 0.000000000000000000e+00 0.000000000000000000e+00 0.000000000000000000e+00 0.000000000000000000e+00
0.000000000000000000e+00 0.000000000000000000e+00 0.000000000000000000e+00 0.000000000000000000e+00 0.000000000000000000e+00 0.000000000000000000e+00 0.000000000000000000e+00 0.000000000000000000e+00
0.000000000000000000e+00 0.000000000000000000e+00 0.000000000000000000e+00 0.000000000000000000e+00 0.000000000000000000e+00 0.000000000000000000e+00 0.000000000000000000e+00 0.000000000000000000e+00
0.000000000000000000e+00 0.000000000000000000e+00 0.000000000000000000e+00 0.000000000000000000e+00 0.000000000000000000e+00 0.000000000000000000e+00 0.000000000000000000e+00 0.000000000000000000e+00
0.000000000000000000e+00 0.000000000000000000e+00 0.000000000000000000e+00 0.000000000000000000e+00 0.000000000000000000e+00 0.000000000000000000e+00 0.000000000000000000e+00 0.000000000000000000e+00
0.000000000000000000e+00 0.000000000000000000e+00 0.000000000000000000e+00 0.000000000000000000e+00 0.000000000000000000e+00 0.000000000000000000e+00 0.000000000000000000e+00 0.000000000000000000e+00
0.000000000000000000e+00 0.000000000000000000e+00 0.000000000000000000e+00 0.000000000000000000e+00 0.000000000000000000e+00 0.000000000000000000e+00 0.000000000000000000e+00 0.000000000000000000e+00
0.000000000000000000e+00 0.000000000000000000e+00 0.000000000000000000e+00 0.000000000000000000e+00 0.000000000000000000e+00 0.000000000000000000e+00 0.000000000000000000e+00 0.000000000000000000e+00
0.000000000000000000e+00 0.000000000000000000e+00 0.000000000000000000e+00 0.000000000000000000e+00 0.000000000000000000e+00 0.000000000000000000e+00 0.000000000000000000e+00 0.000000000000000000e+00
0.000000000000000000e+00 0.000000000000000000e+00 0.000000000000000000e+00 0.000000000000000000e+00 0.000000000000000000e+00 0.000000000000000000e+00 0.000000000000000000e+00 0.000000000000000000e+00
0.000000000000000000e+00 0.000000000000000000e+00 0.000000000000000000e+00 0.000000000000000000e+00 0.000000000000000000e+00 0.000000000000000000e+00 0.000000000000000000e+00 0.000000000000000000e+00
0.000000000000000000e+00 0.000000000000000000e+00 0.000000000000000000e+00 0.000000000000000000e+00 0.000000000000000000e+00 0.000000000000000000e+00 0.000000000000000000e+00 0.000000000000000000e+00
0.000000000000000000e+00 0.000000000000000000e+00 0.000000000000000000e+00 0.000000000000000000e+00 0.000000000000000000e+00 0.000000000000000000e+00 0.000000000000000000e+00 0.000000000000000000e+00
0.000000000000000000e+00 0.000000000000000000e+00 0.000000000000000000e+00 0.000000000000000000e+00 0.000000000000000000e+00 0.000000000000000000e+00 0.000000000000000000e+00 0.000000000000000000e+00
0.000000000000000000e+00 0.000000000000000000e+00 0.000000000000000000e+00 0.000000000000000000e+00 0.000000000000000000e+00 0.000000000000000000e+00 0.000000000000000000e+00 0.000000000000000000e+00
0.000000000000000000e+00 0.000000000000000000e+00 0.000000000000000000e+00 0.000000000000000000e+00 0.000000000000000000e+00 0.000000000000000000e+00 0.000000000000000000e+00 0.000000000000000000e+00
0.000000000000000000e+00 0.000000000000000000e+00 0.000000000000000000e+00 0.000000000000000000e+00 0.000000000000000000e+00 0.000000000000000000e+00 0.000000000000000000e+00 0.000000000000000000e+00
0.000000000000000000e+00 0.000000000000000000e+00 0.000000000000000000e+00 0.000000000000000000e+00 0.000000000000000000e+00 0.000000000000000000e+00 0.000000000000000000e+00 0.000000000000000000e+00
0.000000000000000000e+00 0.000000000000000000e+00 0.000000000000000000e+00 0.000000000000000000e+00 0.000000000000000000e+00 0.000000000000000000e+00 0.000000000000000000e+00 0.000000000000000000e+00
0.000000000000000000e+00 0.000000000000000000e+00 0.000000000000000000e+00 0.000000000000000000e+00 0.000000000000000000e+00 0.000000000000000000e+00 0.000000000000000000e+00 0.000000000000000000e+00
0.000000000000000000e+00 0.000000000000000000e+00 0.000000000000000000e+00 0.000000000000000000e+00 0.000000000000000000e+00 0.000000000000000000e+00 0.000000000000000000e+00 0.000000000000000000e+00
0.000000000000000000e+00 0.000000000000000000e+00 0.000000000000000000e+00 0.000000000000000000e+00 0.000000000000000000e+00 0.000000000000000000e+00 0.000000000000000000e+00 0.000000000000000000e+00
0.000000000000000000e+00 0.000000000000000000e+00 0.000000000000000000e+00 0.000000000000000000e+00 0.000000000000000000e+00 0.000000000000000000e+00 0.000000000000000000e+00 0.000000000000000000e+00
0.000000000000000000e+00 0.000000000000000000e+00 0.000000000000000000e+00 0.000000000000000000e+00 0.000000000000000000e+00 0.000000000000000000e+00 0.000000000000000000e+00 0.000000000000000000e+00
0.000000000000000000e+00 0.000000000000000000e+00 0.000000000000000000e+00 0.000000000000000000e+00 0.000000000000000000e+00 0.000000000000000000e+00 0.000000000000000000e+00 0.000000000000000000e+00
0.000000000000000000e+00 0.000000000000000000e+00 0.000000000000000000e+00 0.000000000000000000e+00 0.000000000000000000e+00 0.000000000000000000e+00 0.000000000000000000e+00 0.000000000000000000e+00
0.000000000000000000e+00 0.000000000000000000e+00 0.000000000000000000e+00 0.000000000000000000e+00 0.000000000000000000e+00 0.000000000000000000e+00 0.000000000000000000e+00 0.000000000000000000e+00
0.000000000000000000e+00 0.000000000000000000e+00 0.000000000000000000e+00 0.000000000000000000e+00 0.000000000000000000e+00 0.000000000000000000e+00 0.000000000000000000e+00 0.000000000000000000e+00
0.000000000000000000e+00 0.000000000000000000e+00 0.000000000000000000e+00 0.000000000000000000e+00 0.000000000000000000e+00 0.000000000000000000e+00 0.000000000000000000e+00 0.000000000000000000e+00
0.000000000000000000e+00 0.000000000000000000e+00 0.000000000000000000e+00 0.000000000000000000e+00 0.000000000000000000e+00 0.000000000000000000e+00 0.000000000000000000e+00 0.000000000000000000e+00
0.000000000000000000e+00 0.000000000000000000e+00 0.000000000000000000e+00 0.000000000000000000e+00 0.000000000000000000e+00 0.000000000000000000e+00 0.000000000000000000e+00 0.000000000000000000e+00
0.000000000000000000e+00 0.000000000000000000e+00 0.000000000000000000e+00 0.000000000000000000e+00 0.000000000000000000e+00 0.000000000000000000e+00 0.000000000000000000e+00 0.000000000000000000e+00
0.000000000000000000e+00 0.000000000000000000e+00 0.000000000000000000e+00 0.000000000000000000e+00 0.000000000000000000e+00 0.000000000000000000e+00 0.000000000000000000e+00 0.000000000000000000e+00
0.000000000000000000e+00 0.000000000000000000e+00 0.000000000000000000e+00 0.000000000000000000e+00 0.000000000000000000e+00 0.000000000000000000e+00 0.000000000000000000e+00 0.000000000000000000e+00
0.000000000000000000e+00 0.000000000000000000e+00 0.000000000000000000e+00 0.000000000000000000e+00 0.000000000000000000e+00 0.000000000000000000e+00 0.000000000000000000e+00 0.000000000000000000e+00
0.000000000000000000e+00 0.000000000000000000e+00 0.000000000000000000e+00 0.000000000000000000e+00 0.000000000000000000e+00 0.000000000000000000e+00 0.000000000000000000e+00 0.000000000000000000e+00
0.000000000000000000e+00 0.000000000000000000e+00 0.000000000000000000e+00 0.000000000000000000e+00 0.000000000000000000e+00 0.000000000000000000e+00 0.000000000000000000e+00 0.000000000000000000e+00
0.000000000000000000e+00 0.000000000000000000e+00 0.000000000000000000e+00 0.000000000000000000e+00 0.000000000000000000e+00 0.000000000000000000e+00 0.000000000000000000e+00 0.000000000000000000e+00
0.000000000000000000e+00 0.000000000000000000e+00 0.000000000000000000e+00 0.000000000000000000e+00 0.000000000000000000e+00 0.000000000000000000e+00 0.000000000000000000e+00 0.000000000000000000e+00
0.000000000000000000e+00 0.000000000000000000e+00 0.000000000000000000e+00 0.000000000000000000e+00 0.000000000000000000e+00 0.000000000000000000e+00 0.000000000000000000e+00 0.000000000000000000e+00
0.000000000000000000e+00 0.000000000000000000e+00 0.000000000000000000e+00 0.000000000000000000e+00 0.000000000000000000e+00 0.000000000000000000e+00 0.000000000000000000e+00 0.000000000000000000e+00
0.000000000000000000e+00 0.000000000000000000e+00 0.000000000000000000e+00 0.000000000000000000e+00 0.000000000000000000e+00 0.000000000000000000e+00 0.000000000000000000e+00 0.000000000000000000e+00
0.000000000000000000e+00 0.000000000000000000e+00 0.000000000000000000e+00 0.000000000000000000e+00 0.000000000000000000e+00 0.000000000000000000e+00 0.000000000000000000e+00 0.000000000000000000e+00
0.000000000000000000e+00 0.000000000000000000e+00 0.000000000000000000e+00 0.000000000000000000e+00 0.000000000000000000e+00 0.000000000000000000e+00 0.000000000000000000e+00 0.000000000000000000e+00
0.000000000000000000e+00 0.000000000000000000e+00 0.000000000000000000e+00 0.000000000000000000e+00 0.000000000000000000e+00 0.000000000000000000e+00 0.000000000000000000e+00 0.000000000000000000e+00
0.000000000000000000e+00 0.000000000000000000e+00 0.000000000000000000e+00 0.000000000000000000e+00 0.000000000000000000e+00 0.000000000000000000e+00 0.000000000000000000e+00 0.000000000000000000e+00
0.000000000000000000e+00 0.000000000000000000e+00 0.000000000000000000e+00 0.000000000000000000e+00 0.000000000000000000e+00 0.000000000000000000e+00 0.000000000000000000e+00 0.000000000000000000e+00
0.000000000000000000e+00 0.000000000000000000e+00 0.000000000000000000e+00 0.000000000000000000e+00 0.000000000000000000e+00 0.000000000000000000e+00 0.000000000000000000e+00 0.000000000000000000e+00
0.000000000000000000e+00 0.000000000000000000e+00 0.000000000000000000e+00 0.000000000000000000e+00 0.000000000000000000e+00 0.000000000000000000e+00 0.000000000000000000e+00 0.000000000000000000e+00
0.000000000000000000e+00 0.000000000000000000e+00 0.000000000000000000e+00 0.000000000000000000e+00 0.000000000000000000e+00 0.000000000000000000e+00 0.000000000000000000e+00 0.000000000000000000e+00
0.000000000000000000e+00 0.000000000000000000e+00 0.000000000000000000e+00 0.000000000000000000e+00 0.000000000000000000e+00 0.000000000000000000e+00 0.000000000000000000e+00 0.000000000000000000e+00
0.000000000000000000e+00 0.000000000000000000e+00 0.000000000000000000e+00 0.000000000000000000e+00 0.000000000000000000e+00 0.000000000000000000e+00 0.000000000000000000e+00 0.000000000000000000e+00
0.000000000000000000e+00 0.000000000000000000e+00 0.000000000000000000e+00 0.000000000000000000e+00 0.000000000000000000e+00 0.000000000000000000e+00 0.000000000000000000e+00 0.000000000000000000e+00
0.000000000000000000e+00 0.000000000000000000e+00 0.000000000000000000e+00 0.000000000000000000e+00 0.000000000000000000e+00 0.000000000000000000e+00 0.000000000000000000e+00 0.000000000000000000e+00
0.000000000000000000e+00 0.000000000000000000e+00 0.000000000000000000e+00 0.000000000000000000e+00 0.000000000000000000e+00 0.000000000000000000e+00 0.000000000000000000e+00 0.000000000000000000e+00
0.000000000000000000e+00 0.000000000000000000e+00 0.000000000000000000e+00 0.000000000000000000e+00 0.000000000000000000e+00 0.000000000000000000e+00 0.000000000000000000e+00 0.000000000000000000e+00
0.000000000000000000e+00 0.000000000000000000e+00 0.000000000000000000e+00 0.000000000000000000e+00 0.000000000000000000e+00 0.000000000000000000e+00 0.000000000000000000e+00 0.000000000000000000e+00
0.000000000000000000e+00 0.000000000000000000e+00 0.000000000000000000e+00 0.000000000000000000e+00 0.000000000000000000e+00 0.000000000000000000e+00 0.000000000000000000e+00 0.000000000000000000e+00
0.000000000000000000e+00 0.000000000000000000e+00 0.000000000000000000e+00 0.000000000000000000e+00 0.000000000000000000e+00 0.000000000000000000e+00 0.000000000000000000e+00 0.000000000000000000e+00
0.000000000000000000e+00 0.000000000000000000e+00 0.000000000000000000e+00 0.000000000000000000e+00 0.000000000000000000e+00 0.000000000000000000e+00 0.000000000000000000e+00 0.000000000000000000e+00
0.000000000000000000e+00 0.000000000000000000e+00 0.000000000000000000e+00 0.000000000000000000e+00 0.000000000000000000e+00 0.000000000000000000e+00 0.000000000000000000e+00 0.000000000000000000e+00
0.000000000000000000e+00 0.000000000000000000e+00 0.000000000000000000e+00 0.000000000000000000e+00 0.000000000000000000e+00 0.000000000000000000e+00 0.000000000000000000e+00 0.000000000000000000e+00
0.000000000000000000e+00 0.000000000000000000e+00 0.000000000000000000e+00 0.000000000000000000e+00 0.000000000000000000e+00 0.000000000000000000e+00 0.000000000000000000e+00 0.000000000000000000e+00
0.000000000000000000e+00 0.000000000000000000e+00 0.000000000000000000e+00 0.000000000000000000e+00 0.000000000000000000e+00 0.000000000000000000e+00 0.000000000000000000e+00 0.000000000000000000e+00
0.000000000000000000e+00 0.000000000000000000e+00 0.000000000000000000e+00 0.000000000000000000e+00 0.000000000000000000e+00 0.000000000000000000e+00 0.000000000000000000e+00 0.000000000000000000e+00
0.000000000000000000e+00 0.000000000000000000e+00 0.000000000000000000e+00 0.000000000000000000e+00 0.000000000000000000e+00 0.000000000000000000e+00 0.000000000000000000e+00 0.000000000000000000e+00
0.000000000000000000e+00 0.000000000000000000e+00 0.000000000000000000e+00 0.000000000000000000e+00 0.000000000000000000e+00 0.000000000000000000e+00 0.000000000000000000e+00 0.000000000000000000e+00
0.000000000000000000e+00 0.000000000000000000e+00 0.000000000000000000e+00 0.000000000000000000e+00 0.000000000000000000e+00 0.000000000000000000e+00 0.000000000000000000e+00 0.000000000000000000e+00
0.000000000000000000e+00 0.000000000000000000e+00 0.000000000000000000e+00 0.000000000000000000e+00 0.000000000000000000e+00 0.000000000000000000e+00 0.000000000000000000e+00 0.000000000000000000e+00
0.000000000000000000e+00 0.000000000000000000e+00 0.000000000000000000e+00 0.000000000000000000e+00 0.000000000000000000e+00 0.000000000000000000e+00 0.000000000000000000e+00 0.000000000000000000e+00
0.000000000000000000e+00 0.000000000000000000e+00 0.000000000000000000e+00 0.000000000000000000e+00 0.000000000000000000e+00 0.000000000000000000e+00 0.000000000000000000e+00 0.000000000000000000e+00
0.000000000000000000e+00 0.000000000000000000e+00 0.000000000000000000e+00 0.000000000000000000e+00 0.000000000000000000e+00 0.000000000000000000e+00 0.000000000000000000e+00 0.000000000000000000e+00
0.000000000000000000e+00 0.000000000000000000e+00 0.000000000000000000e+00 0.000000000000000000e+00 0.000000000000000000e+00 0.000000000000000000e+00 0.000000000000000000e+00 0.000000000000000000e+00
0.000000000000000000e+00 0.000000000000000000e+00 0.000000000000000000e+00 0.000000000000000000e+00 0.000000000000000000e+00 0.000000000000000000e+00 0.000000000000000000e+00 0.000000000000000000e+00
0.000000000000000000e+00 0.000000000000000000e+00 0.000000000000000000e+00 0.000000000000000000e+00 0.000000000000000000e+00 0.000000000000000000e+00 0.000000000000000000e+00 0.000000000000000000e+00
0.000000000000000000e+00 0.000000000000000000e+00 0.000000000000000000e+00 0.000000000000000000e+00 0.000000000000000000e+00 0.000000000000000000e+00 0.000000000000000000e+00 0.000000000000000000e+00
0.000000000000000000e+00 0.000000000000000000e+00 0.000000000000000000e+00 0.000000000000000000e+00 0.000000000000000000e+00 0.000000000000000000e+00 0.000000000000000000e+00 0.000000000000000000e+00
0.000000000000000000e+00 0.000000000000000000e+00 0.000000000000000000e+00 0.000000000000000000e+00 0.000000000000000000e+00 0.000000000000000000e+00 0.000000000000000000e+00 0.000000000000000000e+00
0.000000000000000000e+00 0.000000000000000000e+00 0.000000000000000000e+00 0.000000000000000000e+00 0.000000000000000000e+00 0.000000000000000000e+00 0.000000000000000000e+00 0.000000000000000000e+00
0.000000000000000000e+00 0.000000000000000000e+00 0.000000000000000000e+00 0.000000000000000000e+00 0.000000000000000000e+00 0.000000000000000000e+00 0.000000000000000000e+00 0.000000000000000000e+00
0.000000000000000000e+00 0.000000000000000000e+00 0.000000000000000000e+00 0.000000000000000000e+00 0.000000000000000000e+00 0.000000000000000000e+00 0.000000000000000000e+00 0.000000000000000000e+00
0.000000000000000000e+00 0.000000000000000000e+00 0.000000000000000000e+00 0.000000000000000000e+00 0.000000000000000000e+00 0.000000000000000000e+00 0.000000000000000000e+00 0.000000000000000000e+00
0.000000000000000000e+00 0.000000000000000000e+00 0.000000000000000000e+00 0.000000000000000000e+00 0.000000000000000000e+00 0.000000000000000000e+00 0.000000000000000000e+00 0.000000000000000000e+00
0.000000000000000000e+00 0.000000000000000000e+00 0.000000000000000000e+00 0.000000000000000000e+00 0.000000000000000000e+00 0.000000000000000000e+00 0.000000000000000000e+00 0.000000000000000000e+00
0.000000000000000000e+00 0.000000000000000000e+00 0.000000000000000000e+00 0.000000000000000000e+00 0.000000000000000000e+00 0.000000000000000000e+00 0.000000000000000000e+00 0.000000000000000000e+00
0.000000000000000000e+00 0.000000000000000000e+00 0.000000000000000000e+00 0.000000000000000000e+00 0.000000000000000000e+00 0.000000000000000000e+00 0.000000000000000000e+00 0.000000000000000000e+00
0.000000000000000000e+00 0.000000000000000000e+00 0.000000000000000000e+00 0.000000000000000000e+00 0.000000000000000000e+00 0.000000000000000000e+00 0.000000000000000000e+00 0.000000000000000000e+00
0.000000000000000000e+00 0.000000000000000000e+00 0.000000000000000000e+00 0.000000000000000000e+00 0.000000000000000000e+00 0.000000000000000000e+00 0.000000000000000000e+00 0.000000000000000000e+00
0.000000000000000000e+00 0.000000000000000000e+00 0.000000000000000000e+00 0.000000000000000000e+00 0.000000000000000000e+00 0.000000000000000000e+00 0.000000000000000000e+00 0.000000000000000000e+00
0.000000000000000000e+00 0.000000000000000000e+00 0.000000000000000000e+00 0.000000000000000000e+00 0.000000000000000000e+00 0.000000000000000000e+00 0.000000000000000000e+00 0.000000000000000000e+00
0.000000000000000000e+00 0.000000000000000000e+00 0.000000000000000000e+00 0.000000000000000000e+00 0.000000000000000000e+00 0.000000000000000000e+00 0.000000000000000000e+00 0.000000000000000000e+00
0.000000000000000000e+00 0.000000000000000000e+00 0.000000000000000000e+00 0.000000000000000000e+00 0.000000000000000000e+00 0.000000000000000000e+00 0.000000000000000000e+00 0.000000000000000000e+00
0.000000000000000000e+00 0.000000000000000000e+00 0.000000000000000000e+00 0.000000000000000000e+00 0.000000000000000000e+00 0.000000000000000000e+00 0.000000000000000000e+00 0.000000000000000000e+00
0.000000000000000000e+00 0.000000000000000000e+00 0.000000000000000000e+00 0.000000000000000000e+00 0.000000000000000000e+00 0.000000000000000000e+00 0.000000000000000000e+00 0.000000000000000000e+00
0.000000000000000000e+00 0.000000000000000000e+00 0.000000000000000000e+00 0.000000000000000000e+00 0.000000000000000000e+00 0.000000000000000000e+00 0.000000000000000000e+00 0.000000000000000000e+00
0.000000000000000000e+00 0.000000000000000000e+00 0.000000000000000000e+00 0.000000000000000000e+00 0.000000000000000000e+00 0.000000000000000000e+00 0.000000000000000000e+00 0.000000000000000000e+00
0.000000000000000000e+00 0.000000000000000000e+00 0.000000000000000000e+00 0.000000000000000000e+00 0.000000000000000000e+00 0.000000000000000000e+00 0.000000000000000000e+00 0.000000000000000000e+00
0.000000000000000000e+00 0.000000000000000000e+00 0.000000000000000000e+00 0.000000000000000000e+00 0.000000000000000000e+00 0.000000000000000000e+00 0.000000000000000000e+00 0.000000000000000000e+00
0.000000000000000000e+00 0.000000000000000000e+00 0.000000000000000000e+00 0.000000000000000000e+00 0.000000000000000000e+00 0.000000000000000000e+00 0.000000000000000000e+00 0.000000000000000000e+00
0.000000000000000000e+00 0.000000000000000000e+00 0.000000000000000000e+00 0.000000000000000000e+00 0.000000000000000000e+00 0.000000000000000000e+00 0.000000000000000000e+00 0.000000000000000000e+00
0.000000000000000000e+00 0.000000000000000000e+00 0.000000000000000000e+00 0.000000000000000000e+00 0.000000000000000000e+00 0.000000000000000000e+00 0.000000000000000000e+00 0.000000000000000000e+00
0.000000000000000000e+00 0.000000000000000000e+00 0.000000000000000000e+00 0.000000000000000000e+00 0.000000000000000000e+00 0.000000000000000000e+00 0.000000000000000000e+00 0.000000000000000000e+00
0.000000000000000000e+00 0.000000000000000000e+00 0.000000000000000000e+00 0.000000000000000000e+00 0.000000000000000000e+00 0.000000000000000000e+00 0.000000000000000000e+00 0.000000000000000000e+00
0.000000000000000000e+00 0.000000000000000000e+00 0.000000000000000000e+00 0.000000000000000000e+00 0.000000000000000000e+00 0.000000000000000000e+00 0.000000000000000000e+00 0.000000000000000000e+00
0.000000000000000000e+00 0.000000000000000000e+00 0.000000000000000000e+00 0.000000000000000000e+00 0.000000000000000000e+00 0.000000000000000000e+00 0.000000000000000000e+00 0.000000000000000000e+00
0.000000000000000000e+00 0.000000000000000000e+00 0.000000000000000000e+00 0.000000000000000000e+00 0.000000000000000000e+00 0.000000000000000000e+00 0.000000000000000000e+00 0.000000000000000000e+00
0.000000000000000000e+00 0.000000000000000000e+00 0.000000000000000000e+00 0.000000000000000000e+00 0.000000000000000000e+00 0.000000000000000000e+00 0.000000000000000000e+00 0.000000000000000000e+00
0.000000000000000000e+00 0.000000000000000000e+00 0.000000000000000000e+00 0.000000000000000000e+00 0.000000000000000000e+00 0.000000000000000000e+00 0.000000000000000000e+00 0.000000000000000000e+00
0.000000000000000000e+00 0.000000000000000000e+00 0.000000000000000000e+00 0.000000000000000000e+00 0.000000000000000000e+00 0.000000000000000000e+00 0.000000000000000000e+00 0.000000000000000000e+00
0.000000000000000000e+00 0.000000000000000000e+00 0.000000000000000000e+00 0.000000000000000000e+00 0.000000000000000000e+00 0.000000000000000000e+00 0.000000000000000000e+00 0.000000000000000000e+00
0.000000000000000000e+00 0.000000000000000000e+00 0.000000000000000000e+00 0.000000000000000000e+00 0.000000000000000000e+00 0.000000000000000000e+00 0.000000000000000000e+00 0.000000000000000000e+00
0.000000000000000000e+00 0.000000000000000000e+00 0.000000000000000000e+00 0.000000000000000000e+00 0.000000000000000000e+00 0.000000000000000000e+00 0.000000000000000000e+00 0.000000000000000000e+00
0.000000000000000000e+00 0.000000000000000000e+00 0.000000000000000000e+00 0.000000000000000000e+00 0.000000000000000000e+00 0.000000000000000000e+00 0.000000000000000000e+00 0.000000000000000000e+00
0.000000000000000000e+00 0.000000000000000000e+00 0.000000000000000000e+00 0.000000000000000000e+00 0.000000000000000000e+00 0.000000000000000000e+00 0.000000000000000000e+00 0.000000000000000000e+00
0.000000000000000000e+00 0.000000000000000000e+00 0.000000000000000000e+00 0.000000000000000000e+00 0.000000000000000000e+00 0.000000000000000000e+00 0.000000000000000000e+00 0.000000000000000000e+00
0.000000000000000000e+00 0.000000000000000000e+00 0.000000000000000000e+00 0.000000000000000000e+00 0.000000000000000000e+00 0.000000000000000000e+00 0.000000000000000000e+00 0.000000000000000000e+00
0.000000000000000000e+00 0.000000000000000000e+00 0.000000000000000000e+00 0.000000000000000000e+00 0.000000000000000000e+00 0.000000000000000000e+00 0.000000000000000000e+00 0.000000000000000000e+00
0.000000000000000000e+00 0.000000000000000000e+00 0.000000000000000000e+00 0.000000000000000000e+00 0.000000000000000000e+00 0.000000000000000000e+00 0.000000000000000000e+00 0.000000000000000000e+00
0.000000000000000000e+00 0.000000000000000000e+00 0.000000000000000000e+00 0.000000000000000000e+00 0.000000000000000000e+00 0.000000000000000000e+00 0.000000000000000000e+00 0.000000000000000000e+00
0.000000000000000000e+00 0.000000000000000000e+00 0.000000000000000000e+00 0.000000000000000000e+00 0.000000000000000000e+00 0.000000000000000000e+00 0.000000000000000000e+00 0.000000000000000000e+00
0.000000000000000000e+00 0.000000000000000000e+00 0.000000000000000000e+00 0.000000000000000000e+00 0.000000000000000000e+00 0.000000000000000000e+00 0.000000000000000000e+00 0.000000000000000000e+00
0.000000000000000000e+00 0.000000000000000000e+00 0.000000000000000000e+00 0.000000000000000000e+00 0.000000000000000000e+00 0.000000000000000000e+00 0.000000000000000000e+00 0.000000000000000000e+00
0.000000000000000000e+00 0.000000000000000000e+00 0.000000000000000000e+00 0.000000000000000000e+00 0.000000000000000000e+00 0.000000000000000000e+00 0.000000000000000000e+00 0.000000000000000000e+00
0.000000000000000000e+00 0.000000000000000000e+00 0.000000000000000000e+00 0.000000000000000000e+00 0.000000000000000000e+00 0.000000000000000000e+00 0.000000000000000000e+00 0.000000000000000000e+00
0.000000000000000000e+00 0.000000000000000000e+00 0.000000000000000000e+00 0.000000000000000000e+00 0.000000000000000000e+00 0.000000000000000000e+00 0.000000000000000000e+00 0.000000000000000000e+00
0.000000000000000000e+00 0.000000000000000000e+00 0.000000000000000000e+00 0.000000000000000000e+00 0.000000000000000000e+00 0.000000000000000000e+00 0.000000000000000000e+00 0.000000000000000000e+00
0.000000000000000000e+00 0.000000000000000000e+00 0.000000000000000000e+00 0.000000000000000000e+00 0.000000000000000000e+00 0.000000000000000000e+00 0.000000000000000000e+00 0.000000000000000000e+00
0.000000000000000000e+00 0.000000000000000000e+00 0.000000000000000000e+00 0.000000000000000000e+00 0.000000000000000000e+00 0.000000000000000000e+00 0.000000000000000000e+00 0.000000000000000000e+00
0.000000000000000000e+00 0.000000000000000000e+00 0.000000000000000000e+00 0.000000000000000000e+00 0.000000000000000000e+00 0.000000000000000000e+00 0.000000000000000000e+00 0.000000000000000000e+00
0.000000000000000000e+00 0.000000000000000000e+00 0.000000000000000000e+00 0.000000000000000000e+00 0.000000000000000000e+00 0.000000000000000000e+00 0.000000000000000000e+00 0.000000000000000000e+00
0.000000000000000000e+00 0.000000000000000000e+00 0.000000000000000000e+00 0.000000000000000000e+00 0.000000000000000000e+00 0.000000000000000000e+00 0.000000000000000000e+00 0.000000000000000000e+00
0.000000000000000000e+00 0.000000000000000000e+00 0.000000000000000000e+00 0.000000000000000000e+00 0.000000000000000000e+00 0.000000000000000000e+00 0.000000000000000000e+00 0.000000000000000000e+00
0.000000000000000000e+00 0.000000000000000000e+00 0.000000000000000000e+00 0.000000000000000000e+00 0.000000000000000000e+00 0.000000000000000000e+00 0.000000000000000000e+00 0.000000000000000000e+00
0.000000000000000000e+00 0.000000000000000000e+00 0.000000000000000000e+00 0.000000000000000000e+00 0.000000000000000000e+00 0.000000000000000000e+00 0.000000000000000000e+00 0.000000000000000000e+00
0.000000000000000000e+00 0.000000000000000000e+00 0.000000000000000000e+00 0.000000000000000000e+00 0.000000000000000000e+00 0.000000000000000000e+00 0.000000000000000000e+00 0.000000000000000000e+00
0.000000000000000000e+00 0.000000000000000000e+00 0.000000000000000000e+00 0.000000000000000000e+00 0.000000000000000000e+00 0.000000000000000000e+00 0.000000000000000000e+00 0.000000000000000000e+00
0.000000000000000000e+00 0.000000000000000000e+00 0.000000000000000000e+00 0.000000000000000000e+00 0.000000000000000000e+00 0.000000000000000000e+00 0.000000000000000000e+00 0.000000000000000000e+00
0.000000000000000000e+00 0.000000000000000000e+00 0.000000000000000000e+00 0.000000000000000000e+00 0.000000000000000000e+00 0.000000000000000000e+00 0.000000000000000000e+00 0.000000000000000000e+00
0.000000000000000000e+00 0.000000000000000000e+00 0.000000000000000000e+00 0.000000000000000000e+00 0.000000000000000000e+00 0.000000000000000000e+00 0.000000000000000000e+00 0.000000000000000000e+00
0.000000000000000000e+00 0.000000000000000000e+00 0.000000000000000000e+00 0.000000000000000000e+00 0.000000000000000000e+00 0.000000000000000000e+00 0.000000000000000000e+00 0.000000000000000000e+00
0.000000000000000000e+00 0.000000000000000000e+00 0.000000000000000000e+00 0.000000000000000000e+00 0.000000000000000000e+00 0.000000000000000000e+00 0.000000000000000000e+00 0.000000000000000000e+00
0.000000000000000000e+00 0.000000000000000000e+00 0.000000000000000000e+00 0.000000000000000000e+00 0.000000000000000000e+00 0.000000000000000000e+00 0.000000000000000000e+00 0.000000000000000000e+00
0.000000000000000000e+00 0.000000000000000000e+00 0.000000000000000000e+00 0.000000000000000000e+00 0.000000000000000000e+00 0.000000000000000000e+00 0.000000000000000000e+00 0.000000000000000000e+00
0.000000000000000000e+00 0.000000000000000000e+00 0.000000000000000000e+00 0.000000000000000000e+00 0.000000000000000000e+00 0.000000000000000000e+00 0.000000000000000000e+00 0.000000000000000000e+00
0.000000000000000000e+00 0.000000000000000000e+00 0.000000000000000000e+00 0.000000000000000000e+00 0.000000000000000000e+00 0.000000000000000000e+00 0.000000000000000000e+00 0.000000000000000000e+00
0.000000000000000000e+00 0.000000000000000000e+00 0.000000000000000000e+00 0.000000000000000000e+00 0.000000000000000000e+00 0.000000000000000000e+00 0.000000000000000000e+00 0.000000000000000000e+00
0.000000000000000000e+00 0.000000000000000000e+00 0.000000000000000000e+00 0.000000000000000000e+00 0.000000000000000000e+00 0.000000000000000000e+00 0.000000000000000000e+00 0.000000000000000000e+00
0.000000000000000000e+00 0.000000000000000000e+00 0.000000000000000000e+00 0.000000000000000000e+00 0.000000000000000000e+00 0.000000000000000000e+00 0.000000000000000000e+00 0.000000000000000000e+00
0.000000000000000000e+00 0.000000000000000000e+00 0.000000000000000000e+00 0.000000000000000000e+00 0.000000000000000000e+00 0.000000000000000000e+00 0.000000000000000000e+00 0.000000000000000000e+00
0.000000000000000000e+00 0.000000000000000000e+00 0.000000000000000000e+00 0.000000000000000000e+00 0.000000000000000000e+00 0.000000000000000000e+00 0.000000000000000000e+00 0.000000000000000000e+00
0.000000000000000000e+00 0.000000000000000000e+00 0.000000000000000000e+00 0.000000000000000000e+00 0.000000000000000000e+00 0.000000000000000000e+00 0.000000000000000000e+00 0.000000000000000000e+00
0.000000000000000000e+00 0.000000000000000000e+00 0.000000000000000000e+00 0.000000000000000000e+00 0.000000000000000000e+00 0.000000000000000000e+00 0.000000000000000000e+00 0.000000000000000000e+00
0.000000000000000000e+00 0.000000000000000000e+00 0.000000000000000000e+00 0.000000000000000000e+00 0.000000000000000000e+00 0.000000000000000000e+00 0.000000000000000000e+00 0.000000000000000000e+00
0.000000000000000000e+00 0.000000000000000000e+00 0.000000000000000000e+00 0.000000000000000000e+00 0.000000000000000000e+00 0.000000000000000000e+00 0.000000000000000000e+00 0.000000000000000000e+00
0.000000000000000000e+00 0.000000000000000000e+00 0.000000000000000000e+00 0.000000000000000000e+00 0.000000000000000000e+00 0.000000000000000000e+00 0.000000000000000000e+00 0.000000000000000000e+00
0.000000000000000000e+00 0.000000000000000000e+00 0.000000000000000000e+00 0.000000000000000000e+00 0.000000000000000000e+00 0.000000000000000000e+00 0.000000000000000000e+00 0.000000000000000000e+00
0.000000000000000000e+00 0.000000000000000000e+00 0.000000000000000000e+00 0.000000000000000000e+00 0.000000000000000000e+00 0.000000000000000000e+00 0.000000000000000000e+00 0.000000000000000000e+00
0.000000000000000000e+00 0.000000000000000000e+00 0.000000000000000000e+00 0.000000000000000000e+00 0.000000000000000000e+00 0.000000000000000000e+00 0.000000000000000000e+00 0.000000000000000000e+00
0.000000000000000000e+00 0.000000000000000000e+00 0.000000000000000000e+00 0.000000000000000000e+00 0.000000000000000000e+00 0.000000000000000000e+00 0.000000000000000000e+00 0.000000000000000000e+00
0.000000000000000000e+00 0.000000000000000000e+00 0.000000000000000000e+00 0.000000000000000000e+00 0.000000000000000000e+00 0.000000000000000000e+00 0.000000000000000000e+00 0.000000000000000000e+00
0.000000000000000000e+00 0.000000000000000000e+00 0.000000000000000000e+00 0.000000000000000000e+00 0.000000000000000000e+00 0.000000000000000000e+00 0.000000000000000000e+00 0.000000000000000000e+00
0.000000000000000000e+00 0.000000000000000000e+00 0.000000000000000000e+00 0.000000000000000000e+00 0.000000000000000000e+00 0.000000000000000000e+00 0.000000000000000000e+00 0.000000000000000000e+00
0.000000000000000000e+00 0.000000000000000000e+00 0.000000000000000000e+00 0.000000000000000000e+00 0.000000000000000000e+00 0.000000000000000000e+00 0.000000000000000000e+00 0.000000000000000000e+00
0.000000000000000000e+00 0.000000000000000000e+00 0.000000000000000000e+00 0.000000000000000000e+00 0.000000000000000000e+00 0.000000000000000000e+00 0.000000000000000000e+00 0.000000000000000000e+00
0.000000000000000000e+00 0.000000000000000000e+00 0.000000000000000000e+00 0.000000000000000000e+00 0.000000000000000000e+00 0.000000000000000000e+00 0.000000000000000000e+00 0.000000000000000000e+00
0.000000000000000000e+00 0.000000000000000000e+00 0.000000000000000000e+00 0.000000000000000000e+00 0.000000000000000000e+00 0.000000000000000000e+00 0.000000000000000000e+00 0.000000000000000000e+00
0.000000000000000000e+00 0.000000000000000000e+00 0.000000000000000000e+00 0.000000000000000000e+00 0.000000000000000000e+00 0.000000000000000000e+00 0.000000000000000000e+00 0.000000000000000000e+00
0.000000000000000000e+00 0.000000000000000000e+00 0.000000000000000000e+00 0.000000000000000000e+00 0.000000000000000000e+00 0.000000000000000000e+00 0.000000000000000000e+00 0.000000000000000000e+00
0.000000000000000000e+00 0.000000000000000000e+00 0.000000000000000000e+00 0.000000000000000000e+00 0.000000000000000000e+00 0.000000000000000000e+00 0.000000000000000000e+00 0.000000000000000000e+00
0.000000000000000000e+00 0.000000000000000000e+00 0.000000000000000000e+00 0.000000000000000000e+00 0.000000000000000000e+00 0.000000000000000000e+00 0.000000000000000000e+00 0.000000000000000000e+00
0.000000000000000000e+00 0.000000000000000000e+00 0.000000000000000000e+00 0.000000000000000000e+00 0.000000000000000000e+00 0.000000000000000000e+00 0.000000000000000000e+00 0.000000000000000000e+00
0.000000000000000000e+00 0.000000000000000000e+00 0.000000000000000000e+00 0.000000000000000000e+00 0.000000000000000000e+00 0.000000000000000000e+00 0.000000000000000000e+00 0.000000000000000000e+00
0.000000000000000000e+00 0.000000000000000000e+00 0.000000000000000000e+00 0.000000000000000000e+00 0.000000000000000000e+00 0.000000000000000000e+00 0.000000000000000000e+00 0.000000000000000000e+00
0.000000000000000000e+00 0.000000000000000000e+00 0.000000000000000000e+00 0.000000000000000000e+00 0.000000000000000000e+00 0.000000000000000000e+00 0.000000000000000000e+00 0.000000000000000000e+00
0.000000000000000000e+00 0.000000000000000000e+00 0.000000000000000000e+00 0.000000000000000000e+00 0.000000000000000000e+00 0.000000000000000000e+00 0.000000000000000000e+00 0.000000000000000000e+00
0.000000000000000000e+00 0.000000000000000000e+00 0.000000000000000000e+00 0.000000000000000000e+00 0.000000000000000000e+00 0.000000000000000000e+00 0.000000000000000000e+00 0.000000000000000000e+00
0.000000000000000000e+00 0.000000000000000000e+00 0.000000000000000000e+00 0.000000000000000000e+00 0.000000000000000000e+00 0.000000000000000000e+00 0.000000000000000000e+00 0.000000000000000000e+00
0.000000000000000000e+00 0.000000000000000000e+00 0.000000000000000000e+00 0.000000000000000000e+00 0.000000000000000000e+00 0.000000000000000000e+00 0.000000000000000000e+00 0.000000000000000000e+00
0.000000000000000000e+00 0.000000000000000000e+00 0.000000000000000000e+00 0.000000000000000000e+00 0.000000000000000000e+00 0.000000000000000000e+00 0.000000000000000000e+00 0.000000000000000000e+00
0.000000000000000000e+00 0.000000000000000000e+00 0.000000000000000000e+00 0.000000000000000000e+00 0.000000000000000000e+00 0.000000000000000000e+00 0.000000000000000000e+00 0.000000000000000000e+00
0.000000000000000000e+00 0.000000000000000000e+00 0.000000000000000000e+00 0.000000000000000000e+00 0.000000000000000000e+00 0.000000000000000000e+00 0.000000000000000000e+00 0.000000000000000000e+00
0.000000000000000000e+00 0.000000000000000000e+00 0.000000000000000000e+00 0.000000000000000000e+00 0.000000000000000000e+00 0.000000000000000000e+00 0.000000000000000000e+00 0.000000000000000000e+00
0.000000000000000000e+00 0.000000000000000000e+00 0.000000000000000000e+00 0.000000000000000000e+00 0.000000000000000000e+00 0.000000000000000000e+00 0.000000000000000000e+00 0.000000000000000000e+00
0.000000000000000000e+00 0.000000000000000000e+00 0.000000000000000000e+00 0.000000000000000000e+00 0.000000000000000000e+00 0.000000000000000000e+00 0.000000000000000000e+00 0.000000000000000000e+00
0.000000000000000000e+00 0.000000000000000000e+00 0.000000000000000000e+00 0.000000000000000000e+00 0.000000000000000000e+00 0.000000000000000000e+00 0.000000000000000000e+00 0.000000000000000000e+00
0.000000000000000000e+00 0.000000000000000000e+00 0.000000000000000000e+00 0.000000000000000000e+00 0.000000000000000000e+00 0.000000000000000000e+00 0.000000000000000000e+00 0.000000000000000000e+00
0.000000000000000000e+00 0.000000000000000000e+00 0.000000000000000000e+00 0.000000000000000000e+00 0.000000000000000000e+00 0.000000000000000000e+00 0.000000000000000000e+00 0.000000000000000000e+00
0.000000000000000000e+00 0.000000000000000000e+00 0.000000000000000000e+00 0.000000000000000000e+00 0.000000000000000000e+00 0.000000000000000000e+00 0.000000000000000000e+00 0.000000000000000000e+00
0.000000000000000000e+00 0.000000000000000000e+00 0.000000000000000000e+00 0.000000000000000000e+00 0.000000000000000000e+00 0.000000000000000000e+00 0.000000000000000000e+00 0.000000000000000000e+00
0.000000000000000000e+00 0.000000000000000000e+00 0.000000000000000000e+00 0.000000000000000000e+00 0.000000000000000000e+00 0.000000000000000000e+00 0.000000000000000000e+00 0.000000000000000000e+00
0.000000000000000000e+00 0.000000000000000000e+00 0.000000000000000000e+00 0.000000000000000000e+00 0.000000000000000000e+00 0.000000000000000000e+00 0.000000000000000000e+00 0.000000000000000000e+00
0.000000000000000000e+00 0.000000000000000000e+00 0.000000000000000000e+00 0.000000000000000000e+00 0.000000000000000000e+00 0.000000000000000000e+00 0.000000000000000000e+00 0.000000000000000000e+00
0.000000000000000000e+00 0.000000000000000000e+00 0.000000000000000000e+00 0.000000000000000000e+00 0.000000000000000000e+00 0.000000000000000000e+00 0.000000000000000000e+00 0.000000000000000000e+00
0.000000000000000000e+00 0.000000000000000000e+00 0.000000000000000000e+00 0.000000000000000000e+00 0.000000000000000000e+00 0.000000000000000000e+00 0.000000000000000000e+00 0.000000000000000000e+00
0.000000000000000000e+00 0.000000000000000000e+00 0.000000000000000000e+00 0.000000000000000000e+00 0.000000000000000000e+00 0.000000000000000000e+00 0.000000000000000000e+00 0.000000000000000000e+00
0.000000000000000000e+00 0.000000000000000000e+00 0.000000000000000000e+00 0.000000000000000000e+00 0.000000000000000000e+00 0.000000000000000000e+00 0.000000000000000000e+00 0.000000000000000000e+00
0.000000000000000000e+00 0.000000000000000000e+00 0.000000000000000000e+00 0.000000000000000000e+00 0.000000000000000000e+00 0.000000000000000000e+00 0.000000000000000000e+00 0.000000000000000000e+00
0.000000000000000000e+00 0.000000000000000000e+00 0.000000000000000000e+00 0.000000000000000000e+00 0.000000000000000000e+00 0.000000000000000000e+00 0.000000000000000000e+00 0.000000000000000000e+00
0.000000000000000000e+00 0.000000000000000000e+00 0.000000000000000000e+00 0.000000000000000000e+00 0.000000000000000000e+00 0.000000000000000000e+00 0.000000000000000000e+00 0.000000000000000000e+00
0.000000000000000000e+00 0.000000000000000000e+00 0.000000000000000000e+00 0.000000000000000000e+00 0.000000000000000000e+00 0.000000000000000000e+00 0.000000000000000000e+00 0.000000000000000000e+00
0.000000000000000000e+00 0.000000000000000000e+00 0.000000000000000000e+00 0.000000000000000000e+00 0.000000000000000000e+00 0.000000000000000000e+00 0.000000000000000000e+00 0.000000000000000000e+00
0.000000000000000000e+00 0.000000000000000000e+00 0.000000000000000000e+00 0.000000000000000000e+00 0.000000000000000000e+00 0.000000000000000000e+00 0.000000000000000000e+00 0.000000000000000000e+00
0.000000000000000000e+00 0.000000000000000000e+00 0.000000000000000000e+00 0.000000000000000000e+00 0.000000000000000000e+00 0.000000000000000000e+00 0.000000000000000000e+00 0.000000000000000000e+00
0.000000000000000000e+00 0.000000000000000000e+00 0.000000000000000000e+00 0.000000000000000000e+00 0.000000000000000000e+00 0.000000000000000000e+00 0.000000000000000000e+00 0.000000000000000000e+00
0.000000000000000000e+00 0.000000000000000000e+00 0.000000000000000000e+00 0.000000000000000000e+00 0.000000000000000000e+00 0.000000000000000000e+00 0.000000000000000000e+00 0.000000000000000000e+00
0.000000000000000000e+00 0.000000000000000000e+00 0.000000000000000000e+00 0.000000000000000000e+00 0.000000000000000000e+00 0.000000000000000000e+00 0.000000000000000000e+00 0.000000000000000000e+00
0.000000000000000000e+00 0.000000000000000000e+00 0.000000000000000000e+00 0.000000000000000000e+00 0.000000000000000000e+00 0.000000000000000000e+00 0.000000000000000000e+00 0.000000000000000000e+00
0.000000000000000000e+00 0.000000000000000000e+00 0.000000000000000000e+00 0.000000000000000000e+00 0.000000000000000000e+00 0.000000000000000000e+00 0.000000000000000000e+00 0.000000000000000000e+00
0.000000000000000000e+00 0.000000000000000000e+00 0.000000000000000000e+00 0.000000000000000000e+00 0.000000000000000000e+00 0.000000000000000000e+00 0.000000000000000000e+00 0.000000000000000000e+00
0.000000000000000000e+00 0.000000000000000000e+00 0.000000000000000000e+00 0.000000000000000000e+00 0.000000000000000000e+00 0.000000000000000000e+00 0.000000000000000000e+00 0.000000000000000000e+00
0.000000000000000000e+00 0.000000000000000000e+00 0.000000000000000000e+00 0.000000000000000000e+00 0.000000000000000000e+00 0.000000000000000000e+00 0.000000000000000000e+00 0.000000000000000000e+00
0.000000000000000000e+00 0.000000000000000000e+00 0.000000000000000000e+00 0.000000000000000000e+00 0.000000000000000000e+00 0.000000000000000000e+00 0.000000000000000000e+00 0.000000000000000000e+00
0.000000000000000000e+00 0.000000000000000000e+00 0.000000000000000000e+00 0.000000000000000000e+00 0.000000000000000000e+00 0.000000000000000000e+00 0.000000000000000000e+00 0.000000000000000000e+00
0.000000000000000000e+00 0.000000000000000000e+00 0.000000000000000000e+00 0.000000000000000000e+00 0.000000000000000000e+00 0.000000000000000000e+00 0.000000000000000000e+00 0.000000000000000000e+00
0.000000000000000000e+00 0.000000000000000000e+00 0.000000000000000000e+00 0.000000000000000000e+00 0.000000000000000000e+00 0.000000000000000000e+00 0.000000000000000000e+00 0.000000000000000000e+00
0.000000000000000000e+00 0.000000000000000000e+00 0.000000000000000000e+00 0.000000000000000000e+00 0.000000000000000000e+00 0.000000000000000000e+00 0.000000000000000000e+00 0.000000000000000000e+00
0.000000000000000000e+00 0.000000000000000000e+00 0.000000000000000000e+00 0.000000000000000000e+00 0.000000000000000000e+00 0.000000000000000000e+00 0.000000000000000000e+00 0.000000000000000000e+00
0.000000000000000000e+00 0.000000000000000000e+00 0.000000000000000000e+00 0.000000000000000000e+00 0.000000000000000000e+00 0.000000000000000000e+00 0.000000000000000000e+00 0.000000000000000000e+00
0.000000000000000000e+00 0.000000000000000000e+00 0.000000000000000000e+00 0.000000000000000000e+00 0.000000000000000000e+00 0.000000000000000000e+00 0.000000000000000000e+00 0.000000000000000000e+00
0.000000000000000000e+00 0.000000000000000000e+00 0.000000000000000000e+00 0.000000000000000000e+00 0.000000000000000000e+00 0.000000000000000000e+00 0.000000000000000000e+00 0.000000000000000000e+00
0.000000000000000000e+00 0.000000000000000000e+00 0.000000000000000000e+00 0.000000000000000000e+00 0.000000000000000000e+00 0.000000000000000000e+00 0.000000000000000000e+00 0.000000000000000000e+00
0.000000000000000000e+00 0.000000000000000000e+00 0.000000000000000000e+00 0.000000000000000000e+00 0.000000000000000000e+00 0.000000000000000000e+00 0.000000000000000000e+00 0.000000000000000000e+00
0.000000000000000000e+00 0.000000000000000000e+00 0.000000000000000000e+00 0.000000000000000000e+00 0.000000000000000000e+00 0.000000000000000000e+00 0.000000000000000000e+00 0.000000000000000000e+00
0.000000000000000000e+00 0.000000000000000000e+00 0.000000000000000000e+00 0.000000000000000000e+00 0.000000000000000000e+00 0.000000000000000000e+00 0.000000000000000000e+00 0.000000000000000000e+00
0.000000000000000000e+00 0.000000000000000000e+00 0.000000000000000000e+00 0.000000000000000000e+00 0.000000000000000000e+00 0.000000000000000000e+00 0.000000000000000000e+00 0.000000000000000000e+00
0.000000000000000000e+00 0.000000000000000000e+00 0.000000000000000000e+00 0.000000000000000000e+00 0.000000000000000000e+00 0.000000000000000000e+00 0.000000000000000000e+00 0.000000000000000000e+00
0.000000000000000000e+00 0.000000000000000000e+00 0.000000000000000000e+00 0.000000000000000000e+00 0.000000000000000000e+00 0.000000000000000000e+00 0.000000000000000000e+00 0.000000000000000000e+00
0.000000000000000000e+00 0.000000000000000000e+00 0.000000000000000000e+00 0.000000000000000000e+00 0.000000000000000000e+00 0.000000000000000000e+00 0.000000000000000000e+00 0.000000000000000000e+00
0.000000000000000000e+00 0.000000000000000000e+00 0.000000000000000000e+00 0.000000000000000000e+00 0.000000000000000000e+00 0.000000000000000000e+00 0.000000000000000000e+00 0.000000000000000000e+00
0.000000000000000000e+00 0.000000000000000000e+00 0.000000000000000000e+00 0.000000000000000000e+00 0.000000000000000000e+00 0.000000000000000000e+00 0.000000000000000000e+00 0.000000000000000000e+00
0.000000000000000000e+00 0.000000000000000000e+00 0.000000000000000000e+00 0.000000000000000000e+00 0.000000000000000000e+00 0.000000000000000000e+00 0.000000000000000000e+00 0.000000000000000000e+00
0.000000000000000000e+00 0.000000000000000000e+00 0.000000000000000000e+00 0.000000000000000000e+00 0.000000000000000000e+00 0.000000000000000000e+00 0.000000000000000000e+00 0.000000000000000000e+00
0.000000000000000000e+00 0.000000000000000000e+00 0.000000000000000000e+00 0.000000000000000000e+00 0.000000000000000000e+00 0.000000000000000000e+00 0.000000000000000000e+00 0.000000000000000000e+00
0.000000000000000000e+00 0.000000000000000000e+00 0.000000000000000000e+00 0.000000000000000000e+00 0.000000000000000000e+00 0.000000000000000000e+00 0.000000000000000000e+00 0.000000000000000000e+00
0.000000000000000000e+00 0.000000000000000000e+00 0.000000000000000000e+00 0.000000000000000000e+00 0.000000000000000000e+00 0.000000000000000000e+00 0.000000000000000000e+00 0.000000000000000000e+00
0.000000000000000000e+00 0.000000000000000000e+00 0.000000000000000000e+00 0.000000000000000000e+00 0.000000000000000000e+00 0.000000000000000000e+00 0.000000000000000000e+00 0.000000000000000000e+00
0.000000000000000000e+00 0.000000000000000000e+00 0.000000000000000000e+00 0.000000000000000000e+00 0.000000000000000000e+00 0.000000000000000000e+00 0.000000000000000000e+00 0.000000000000000000e+00
0.000000000000000000e+00 0.000000000000000000e+00 0.000000000000000000e+00 0.000000000000000000e+00 0.000000000000000000e+00 0.000000000000000000e+00 0.000000000000000000e+00 0.000000000000000000e+00
0.000000000000000000e+00 0.000000000000000000e+00 0.000000000000000000e+00 0.000000000000000000e+00 0.000000000000000000e+00 0.000000000000000000e+00 0.000000000000000000e+00 0.000000000000000000e+00
0.000000000000000000e+00 0.000000000000000000e+00 0.000000000000000000e+00 0.000000000000000000e+00 0.000000000000000000e+00 0.000000000000000000e+00 0.000000000000000000e+00 0.000000000000000000e+00
0.000000000000000000e+00 0.000000000000000000e+00 0.000000000000000000e+00 0.000000000000000000e+00 0.000000000000000000e+00 0.000000000000000000e+00 0.000000000000000000e+00 0.000000000000000000e+00
0.000000000000000000e+00 0.000000000000000000e+00 0.000000000000000000e+00 0.000000000000000000e+00 0.000000000000000000e+00 0.000000000000000000e+00 0.000000000000000000e+00 0.000000000000000000e+00
0.000000000000000000e+00 0.000000000000000000e+00 0.000000000000000000e+00 0.000000000000000000e+00 0.000000000000000000e+00 0.000000000000000000e+00 0.000000000000000000e+00 0.000000000000000000e+00
0.000000000000000000e+00 0.000000000000000000e+00 0.000000000000000000e+00 0.000000000000000000e+00 0.000000000000000000e+00 0.000000000000000000e+00 0.000000000000000000e+00 0.000000000000000000e+00
0.000000000000000000e+00 0.000000000000000000e+00 0.000000000000000000e+00 0.000000000000000000e+00 0.000000000000000000e+00 0.000000000000000000e+00 0.000000000000000000e+00 0.000000000000000000e+00
0.000000000000000000e+00 0.000000000000000000e+00 0.000000000000000000e+00 0.000000000000000000e+00 0.000000000000000000e+00 0.000000000000000000e+00 0.000000000000000000e+00 0.000000000000000000e+00
0.000000000000000000e+00 0.000000000000000000e+00 0.000000000000000000e+00 0.000000000000000000e+00 0.000000000000000000e+00 0.000000000000000000e+00 0.000000000000000000e+00 0.000000000000000000e+00
0.000000000000000000e+00 0.000000000000000000e+00 0.000000000000000000e+00 0.000000000000000000e+00 0.000000000000000000e+00 0.000000000000000000e+00 0.000000000000000000e+00 0.000000000000000000e+00
0.000000000000000000e+00 0.000000000000000000e+00 0.000000000000000000e+00 0.000000000000000000e+00 0.000000000000000000e+00 0.000000000000000000e+00 0.000000000000000000e+00 0.000000000000000000e+00
0.000000000000000000e+00 0.000000000000000000e+00 0.000000000000000000e+00 0.000000000000000000e+00 0.000000000000000000e+00 0.000000000000000000e+00 0.000000000000000000e+00 0.000000000000000000e+00
0.000000000000000000e+00 0.000000000000000000e+00 0.000000000000000000e+00 0.000000000000000000e+00 0.000000000000000000e+00 0.000000000000000000e+00 0.000000000000000000e+00 0.000000000000000000e+00
0.000000000000000000e+00 0.000000000000000000e+00 0.000000000000000000e+00 0.000000000000000000e+00 0.000000000000000000e+00 0.000000000000000000e+00 0.000000000000000000e+00 0.000000000000000000e+00
0.000000000000000000e+00 0.000000000000000000e+00 0.000000000000000000e+00 0.000000000000000000e+00 0.000000000000000000e+00 0.000000000000000000e+00 0.000000000000000000e+00 0.000000000000000000e+00
0.000000000000000000e+00 0.000000000000000000e+00 0.000000000000000000e+00 0.000000000000000000e+00 0.000000000000000000e+00 0.000000000000000000e+00 0.000000000000000000e+00 0.000000000000000000e+00
0.000000000000000000e+00 0.000000000000000000e+00 0.000000000000000000e+00 0.000000000000000000e+00 0.000000000000000000e+00 0.000000000000000000e+00 0.000000000000000000e+00 0.000000000000000000e+00
0.000000000000000000e+00 0.000000000000000000e+00 0.000000000000000000e+00 0.000000000000000000e+00 0.000000000000000000e+00 0.000000000000000000e+00 0.000000000000000000e+00 0.000000000000000000e+00
0.000000000000000000e+00 0.000000000000000000e+00 0.000000000000000000e+00 0.000000000000000000e+00 0.000000000000000000e+00 0.000000000000000000e+00 0.000000000000000000e+00 0.000000000000000000e+00
0.000000000000000000e+00 0.000000000000000000e+00 0.000000000000000000e+00 0.000000000000000000e+00 0.000000000000000000e+00 0.000000000000000000e+00 0.000000000000000000e+00 0.000000000000000000e+00
0.000000000000000000e+00 0.000000000000000000e+00 0.000000000000000000e+00 0.000000000000000000e+00 0.000000000000000000e+00 0.000000000000000000e+00 0.000000000000000000e+00 0.000000000000000000e+00
0.000000000000000000e+00 0.000000000000000000e+00 0.000000000000000000e+00 0.000000000000000000e+00 0.000000000000000000e+00 0.000000000000000000e+00 0.000000000000000000e+00 0.000000000000000000e+00
0.000000000000000000e+00 0.000000000000000000e+00 0.000000000000000000e+00 0.000000000000000000e+00 0.000000000000000000e+00 0.000000000000000000e+00 0.000000000000000000e+00 0.000000000000000000e+00
0.000000000000000000e+00 0.000000000000000000e+00 0.000000000000000000e+00 0.000000000000000000e+00 0.000000000000000000e+00 0.000000000000000000e+00 0.000000000000000000e+00 0.000000000000000000e+00
0.000000000000000000e+00 0.000000000000000000e+00 0.000000000000000000e+00 0.000000000000000000e+00 0.000000000000000000e+00 0.000000000000000000e+00 0.000000000000000000e+00 0.000000000000000000e+00
0.000000000000000000e+00 0.000000000000000000e+00 0.000000000000000000e+00 0.000000000000000000e+00 0.000000000000000000e+00 0.000000000000000000e+00 0.000000000000000000e+00 0.000000000000000000e+00
0.000000000000000000e+00 0.000000000000000000e+00 0.000000000000000000e+00 0.000000000000000000e+00 0.000000000000000000e+00 0.000000000000000000e+00 0.000000000000000000e+00 0.000000000000000000e+00
0.000000000000000000e+00 0.000000000000000000e+00 0.000000000000000000e+00 0.000000000000000000e+00 0.000000000000000000e+00 0.000000000000000000e+00 0.000000000000000000e+00 0.000000000000000000e+00
0.000000000000000000e+00 0.000000000000000000e+00 0.000000000000000000e+00 0.000000000000000000e+00 0.000000000000000000e+00 0.000000000000000000e+00 0.000000000000000000e+00 0.000000000000000000e+00
0.000000000000000000e+00 0.000000000000000000e+00 0.000000000000000000e+00 0.000000000000000000e+00 0.000000000000000000e+00 0.000000000000000000e+00 0.000000000000000000e+00 0.000000000000000000e+00
0.000000000000000000e+00 0.000000000000000000e+00 0.000000000000000000e+00 0.000000000000000000e+00 0.000000000000000000e+00 0.000000000000000000e+00 0.000000000000000000e+00 0.000000000000000000e+00
0.000000000000000000e+00 0.000000000000000000e+00 0.000000000000000000e+00 0.000000000000000000e+00 0.000000000000000000e+00 0.000000000000000000e+00 0.000000000000000000e+00 0.000000000000000000e+00
0.000000000000000000e+00 0.000000000000000000e+00 0.000000000000000000e+00 0.000000000000000000e+00 0.000000000000000000e+00 0.000000000000000000e+00 0.000000000000000000e+00 0.000000000000000000e+00
0.000000000000000000e+00 0.000000000000000000e+00 0.000000000000000000e+00 0.000000000000000000e+00 0.000000000000000000e+00 0.000000000000000000e+00 0.000000000000000000e+00 0.000000000000000000e+00
0.000000000000000000e+00 0.000000000000000000e+00 0.000000000000000000e+00 0.000000000000000000e+00 0.000000000000000000e+00 0.000000000000000000e+00 0.000000000000000000e+00 0.000000000000000000e+00
0.000000000000000000e+00 0.000000000000000000e+00 0.000000000000000000e+00 0.000000000000000000e+00 0.000000000000000000e+00 0.000000000000000000e+00 0.000000000000000000e+00 0.000000000000000000e+00
0.000000000000000000e+00 0.000000000000000000e+00 0.000000000000000000e+00 0.000000000000000000e+00 0.000000000000000000e+00 0.000000000000000000e+00 0.000000000000000000e+00 0.000000000000000000e+00
0.000000000000000000e+00 0.000000000000000000e+00 0.000000000000000000e+00 0.000000000000000000e+00 0.000000000000000000e+00 0.000000000000000000e+00 0.000000000000000000e+00 0.000000000000000000e+00
0.000000000000000000e+00 0.000000000000000000e+00 0.000000000000000000e+00 0.000000000000000000e+00 0.000000000000000000e+00 0.000000000000000000e+00 0.000000000000000000e+00 0.000000000000000000e+00
0.000000000000000000e+00 0.000000000000000000e+00 0.000000000000000000e+00 0.000000000000000000e+00 0.000000000000000000e+00 0.000000000000000000e+00 0.000000000000000000e+00 0.000000000000000000e+00
0.000000000000000000e+00 0.000000000000000000e+00 0.000000000000000000e+00 0.000000000000000000e+00 0.000000000000000000e+00 0.000000000000000000e+00 0.000000000000000000e+00 0.000000000000000000e+00
0.000000000000000000e+00 0.000000000000000000e+00 0.000000000000000000e+00 0.000000000000000000e+00 0.000000000000000000e+00 0.000000000000000000e+00 0.000000000000000000e+00 0.000000000000000000e+00
0.000000000000000000e+00 0.000000000000000000e+00 0.000000000000000000e+00 0.000000000000000000e+00 0.000000000000000000e+00 0.000000000000000000e+00 0.000000000000000000e+00 0.000000000000000000e+00
0.000000000000000000e+00 0.000000000000000000e+00 0.000000000000000000e+00 0.000000000000000000e+00 0.000000000000000000e+00 0.000000000000000000e+00 0.000000000000000000e+00 0.000000000000000000e+00
0.000000000000000000e+00 0.000000000000000000e+00 0.000000000000000000e+00 0.000000000000000000e+00 0.000000000000000000e+00 0.000000000000000000e+00 0.000000000000000000e+00 0.000000000000000000e+00
0.000000000000000000e+00 0.000000000000000000e+00 0.000000000000000000e+00 0.000000000000000000e+00 0.000000000000000000e+00 0.000000000000000000e+00 0.000000000000000000e+00 0.000000000000000000e+00
0.000000000000000000e+00 0.000000000000000000e+00 0.000000000000000000e+00 0.000000000000000000e+00 0.000000000000000000e+00 0.000000000000000000e+00 0.000000000000000000e+00 0.000000000000000000e+00
0.000000000000000000e+00 0.000000000000000000e+00 0.000000000000000000e+00 0.000000000000000000e+00 0.000000000000000000e+00 0.000000000000000000e+00 0.000000000000000000e+00 0.000000000000000000e+00
0.000000000000000000e+00 0.000000000000000000e+00 0.000000000000000000e+00 0.000000000000000000e+00 0.000000000000000000e+00 0.000000000000000000e+00 0.000000000000000000e+00 0.000000000000000000e+00
0.000000000000000000e+00 0.000000000000000000e+00 0.000000000000000000e+00 0.000000000000000000e+00 0.000000000000000000e+00 0.000000000000000000e+00 0.000000000000000000e+00 0.000000000000000000e+00
0.000000000000000000e+00 0.000000000000000000e+00 0.000000000000000000e+00 0.000000000000000000e+00 0.000000000000000000e+00 0.000000000000000000e+00 0.000000000000000000e+00 0.000000000000000000e+00
0.000000000000000000e+00 0.000000000000000000e+00 0.000000000000000000e+00 0.000000000000000000e+00 0.000000000000000000e+00 0.000000000000000000e+00 0.000000000000000000e+00 0.000000000000000000e+00
0.000000000000000000e+00 0.000000000000000000e+00 0.000000000000000000e+00 0.000000000000000000e+00 0.000000000000000000e+00 0.000000000000000000e+00 0.000000000000000000e+00 0.000000000000000000e+00
0.000000000000000000e+00 0.000000000000000000e+00 0.000000000000000000e+00 0.000000000000000000e+00 0.000000000000000000e+00 0.000000000000000000e+00 0.000000000000000000e+00 0.000000000000000000e+00
0.000000000000000000e+00 0.000000000000000000e+00 0.000000000000000000e+00 0.000000000000000000e+00 0.000000000000000000e+00 0.000000000000000000e+00 0.000000000000000000e+00 0.000000000000000000e+00
0.000000000000000000e+00 0.000000000000000000e+00 0.000000000000000000e+00 0.000000000000000000e+00 0.000000000000000000e+00 0.000000000000000000e+00 0.000000000000000000e+00 0.000000000000000000e+00
0.000000000000000000e+00 0.000000000000000000e+00 0.000000000000000000e+00 0.000000000000000000e+00 0.000000000000000000e+00 0.000000000000000000e+00 0.000000000000000000e+00 0.000000000000000000e+00
0.000000000000000000e+00 0.000000000000000000e+00 0.000000000000000000e+00 0.000000000000000000e+00 0.000000000000000000e+00 0.000000000000000000e+00 0.000000000000000000e+00 0.000000000000000000e+00
0.000000000000000000e+00 0.000000000000000000e+00 0.000000000000000000e+00 0.000000000000000000e+00 0.000000000000000000e+00 0.000000000000000000e+00 0.000000000000000000e+00 0.000000000000000000e+00
0.000000000000000000e+00 0.000000000000000000e+00 0.000000000000000000e+00 0.000000000000000000e+00 0.000000000000000000e+00 0.000000000000000000e+00 0.000000000000000000e+00 0.000000000000000000e+00
0.000000000000000000e+00 0.000000000000000000e+00 0.000000000000000000e+00 0.000000000000000000e+00 0.000000000000000000e+00 0.000000000000000000e+00 0.000000000000000000e+00 0.000000000000000000e+00
0.000000000000000000e+00 0.000000000000000000e+00 0.000000000000000000e+00 0.000000000000000000e+00 0.000000000000000000e+00 0.000000000000000000e+00 0.000000000000000000e+00 0.000000000000000000e+00
0.000000000000000000e+00 0.000000000000000000e+00 0.000000000000000000e+00 0.000000000000000000e+00 0.000000000000000000e+00 0.000000000000000000e+00 0.000000000000000000e+00 0.000000000000000000e+00
0.000000000000000000e+00 0.000000000000000000e+00 0.000000000000000000e+00 0.000000000000000000e+00 0.000000000000000000e+00 0.000000000000000000e+00 0.000000000000000000e+00 0.000000000000000000e+00
0.000000000000000000e+00 0.000000000000000000e+00 0.000000000000000000e+00 0.000000000000000000e+00 0.000000000000000000e+00 0.000000000000000000e+00 0.000000000000000000e+00 0.000000000000000000e+00
0.000000000000000000e+00 0.000000000000000000e+00 0.000000000000000000e+00 0.000000000000000000e+00 0.000000000000000000e+00 0.000000000000000000e+00 0.000000000000000000e+00 0.000000000000000000e+00
0.000000000000000000e+00 0.000000000000000000e+00 0.000000000000000000e+00 0.000000000000000000e+00 0.000000000000000000e+00 0.000000000000000000e+00 0.000000000000000000e+00 0.000000000000000000e+00
0.000000000000000000e+00 0.000000000000000000e+00 0.000000000000000000e+00 0.000000000000000000e+00 0.000000000000000000e+00 0.000000000000000000e+00 0.000000000000000000e+00 0.000000000000000000e+00
0.000000000000000000e+00 0.000000000000000000e+00 0.000000000000000000e+00 0.000000000000000000e+00 0.000000000000000000e+00 0.000000000000000000e+00 0.000000000000000000e+00 0.000000000000000000e+00
0.000000000000000000e+00 0.000000000000000000e+00 0.000000000000000000e+00 0.000000000000000000e+00 0.000000000000000000e+00 0.000000000000000000e+00 0.000000000000000000e+00 0.000000000000000000e+00
0.000000000000000000e+00 0.000000000000000000e+00 0.000000000000000000e+00 0.000000000000000000e+00 0.000000000000000000e+00 0.000000000000000000e+00 0.000000000000000000e+00 0.000000000000000000e+00
0.000000000000000000e+00 0.000000000000000000e+00 0.000000000000000000e+00 0.000000000000000000e+00 0.000000000000000000e+00 0.000000000000000000e+00 0.000000000000000000e+00 0.000000000000000000e+00
0.000000000000000000e+00 0.000000000000000000e+00 0.000000000000000000e+00 0.000000000000000000e+00 0.000000000000000000e+00 0.000000000000000000e+00 0.000000000000000000e+00 0.000000000000000000e+00
0.000000000000000000e+00 0.000000000000000000e+00 0.000000000000000000e+00 0.000000000000000000e+00 0.000000000000000000e+00 0.000000000000000000e+00 0.000000000000000000e+00 0.000000000000000000e+00
0.000000000000000000e+00 0.000000000000000000e+00 0.000000000000000000e+00 0.000000000000000000e+00 0.000000000000000000e+00 0.000000000000000000e+00 0.000000000000000000e+00 0.000000000000000000e+00
0.000000000000000000e+00 0.000000000000000000e+00 0.000000000000000000e+00 0.000000000000000000e+00 0.000000000000000000e+00 0.000000000000000000e+00 0.000000000000000000e+00 0.000000000000000000e+00
0.000000000000000000e+00 0.000000000000000000e+00 0.000000000000000000e+00 0.000000000000000000e+00 0.000000000000000000e+00 0.000000000000000000e+00 0.000000000000000000e+00 0.000000000000000000e+00
0.000000000000000000e+00 0.000000000000000000e+00 0.000000000000000000e+00 0.000000000000000000e+00 0.000000000000000000e+00 0.000000000000000000e+00 0.000000000000000000e+00 0.000000000000000000e+00
0.000000000000000000e+00 0.000000000000000000e+00 0.000000000000000000e+00 0.000000000000000000e+00 0.000000000000000000e+00 0.000000000000000000e+00 0.000000000000000000e+00 0.000000000000000000e+00
0.000000000000000000e+00 0.000000000000000000e+00 0.000000000000000000e+00 0.000000000000000000e+00 0.000000000000000000e+00 0.000000000000000000e+00 0.000000000000000000e+00 0.000000000000000000e+00
0.000000000000000000e+00 0.000000000000000000e+00 0.000000000000000000e+00 0.000000000000000000e+00 0.000000000000000000e+00 0.000000000000000000e+00 0.000000000000000000e+00 0.000000000000000000e+00
0.000000000000000000e+00 0.000000000000000000e+00 0.000000000000000000e+00 0.000000000000000000e+00 0.000000000000000000e+00 0.000000000000000000e+00 0.000000000000000000e+00 0.000000000000000000e+00
0.000000000000000000e+00 0.000000000000000000e+00 0.000000000000000000e+00 0.000000000000000000e+00 0.000000000000000000e+00 0.000000000000000000e+00 0.000000000000000000e+00 0.000000000000000000e+00
0.000000000000000000e+00 0.000000000000000000e+00 0.000000000000000000e+00 0.000000000000000000e+00 0.000000000000000000e+00 0.000000000000000000e+00 0.000000000000000000e+00 0.000000000000000000e+00
0.000000000000000000e+00 0.000000000000000000e+00 0.000000000000000000e+00 0.000000000000000000e+00 0.000000000000000000e+00 0.000000000000000000e+00 0.000000000000000000e+00 0.000000000000000000e+00
0.000000000000000000e+00 0.000000000000000000e+00 0.000000000000000000e+00 0.000000000000000000e+00 0.000000000000000000e+00 0.000000000000000000e+00 0.000000000000000000e+00 0.000000000000000000e+00
0.000000000000000000e+00 0.000000000000000000e+00 0.000000000000000000e+00 0.000000000000000000e+00 0.000000000000000000e+00 0.000000000000000000e+00 0.000000000000000000e+00 0.000000000000000000e+00
0.000000000000000000e+00 0.000000000000000000e+00 0.000000000000000000e+00 0.000000000000000000e+00 0.000000000000000000e+00 0.000000000000000000e+00 0.000000000000000000e+00 0.000000000000000000e+00
0.000000000000000000e+00 0.000000000000000000e+00 0.000000000000000000e+00 0.000000000000000000e+00 0.000000000000000000e+00 0.000000000000000000e+00 0.000000000000000000e+00 0.000000000000000000e+00
0.000000000000000000e+00 0.000000000000000000e+00 0.000000000000000000e+00 0.000000000000000000e+00 0.000000000000000000e+00 0.000000000000000000e+00 0.000000000000000000e+00 0.000000000000000000e+00
0.000000000000000000e+00 0.000000000000000000e+00 0.000000000000000000e+00 0.000000000000000000e+00 0.000000000000000000e+00 0.000000000000000000e+00 0.000000000000000000e+00 0.000000000000000000e+00
0.000000000000000000e+00 0.000000000000000000e+00 0.000000000000000000e+00 0.000000000000000000e+00 0.000000000000000000e+00 0.000000000000000000e+00 0.000000000000000000e+00 0.000000000000000000e+00
0.000000000000000000e+00 0.000000000000000000e+00 0.000000000000000000e+00 0.000000000000000000e+00 0.000000000000000000e+00 0.000000000000000000e+00 0.000000000000000000e+00 0.000000000000000000e+00
0.000000000000000000e+00 0.000000000000000000e+00 0.000000000000000000e+00 0.000000000000000000e+00 0.000000000000000000e+00 0.000000000000000000e+00 0.000000000000000000e+00 0.000000000000000000e+00
0.000000000000000000e+00 0.000000000000000000e+00 0.000000000000000000e+00 0.000000000000000000e+00 0.000000000000000000e+00 0.000000000000000000e+00 0.000000000000000000e+00 0.000000000000000000e+00
0.000000000000000000e+00 0.000000000000000000e+00 0.000000000000000000e+00 0.000000000000000000e+00 0.000000000000000000e+00 0.000000000000000000e+00 0.000000000000000000e+00 0.000000000000000000e+00
0.000000000000000000e+00 0.000000000000000000e+00 0.000000000000000000e+00 0.000000000000000000e+00 0.000000000000000000e+00 0.000000000000000000e+00 0.000000000000000000e+00 0.000000000000000000e+00
0.000000000000000000e+00 0.000000000000000000e+00 0.000000000000000000e+00 0.000000000000000000e+00 0.000000000000000000e+00 0.000000000000000000e+00 0.000000000000000000e+00 0.000000000000000000e+00
0.000000000000000000e+00 0.000000000000000000e+00 0.000000000000000000e+00 0.000000000000000000e+00 0.000000000000000000e+00 0.000000000000000000e+00 0.000000000000000000e+00 0.000000000000000000e+00
0.000000000000000000e+00 0.000000000000000000e+00 0.000000000000000000e+00 0.000000000000000000e+00 0.000000000000000000e+00 0.000000000000000000e+00 0.000000000000000000e+00 0.000000000000000000e+00
0.000000000000000000e+00 0.000000000000000000e+00 0.000000000000000000e+00 0.000000000000000000e+00 0.000000000000000000e+00 0.000000000000000000e+00 0.000000000000000000e+00 0.000000000000000000e+00
0.000000000000000000e+00 0.000000000000000000e+00 0.000000000000000000e+00 0.000000000000000000e+00 0.000000000000000000e+00 0.000000000000000000e+00 0.000000000000000000e+00 0.000000000000000000e+00
0.000000000000000000e+00 0.000000000000000000e+00 0.000000000000000000e+00 0.000000000000000000e+00 0.000000000000000000e+00 0.000000000000000000e+00 0.000000000000000000e+00 0.000000000000000000e+00
0.000000000000000000e+00 0.000000000000000000e+00 0.000000000000000000e+00 0.000000000000000000e+00 0.000000000000000000e+00 0.000000000000000000e+00 0.000000000000000000e+00 0.000000000000000000e+00
0.000000000000000000e+00 0.000000000000000000e+00 0.000000000000000000e+00 0.000000000000000000e+00 0.000000000000000000e+00 0.000000000000000000e+00 0.000000000000000000e+00 0.000000000000000000e+00
0.000000000000000000e+00 0.000000000000000000e+00 0.000000000000000000e+00 0.000000000000000000e+00 0.000000000000000000e+00 0.000000000000000000e+00 0.000000000000000000e+00 0.000000000000000000e+00
0.000000000000000000e+00 0.000000000000000000e+00 0.000000000000000000e+00 0.000000000000000000e+00 0.000000000000000000e+00 0.000000000000000000e+00 0.000000000000000000e+00 0.000000000000000000e+00
0.000000000000000000e+00 0.000000000000000000e+00 0.000000000000000000e+00 0.000000000000000000e+00 0.000000000000000000e+00 0.000000000000000000e+00 0.000000000000000000e+00 0.000000000000000000e+00
0.000000000000000000e+00 0.000000000000000000e+00 0.000000000000000000e+00 0.000000000000000000e+00 0.000000000000000000e+00 0.000000000000000000e+00 0.000000000000000000e+00 0.000000000000000000e+00
0.000000000000000000e+00 0.000000000000000000e+00 0.000000000000000000e+00 0.000000000000000000e+00 0.000000000000000000e+00 0.000000000000000000e+00 0.000000000000000000e+00 0.000000000000000000e+00
0.000000000000000000e+00 0.000000000000000000e+00 0.000000000000000000e+00 0.000000000000000000e+00 0.000000000000000000e+00 0.000000000000000000e+00 0.000000000000000000e+00 0.000000000000000000e+00
0.000000000000000000e+00 0.000000000000000000e+00 0.000000000000000000e+00 0.000000000000000000e+00 0.000000000000000000e+00 0.000000000000000000e+00 0.000000000000000000e+00 0.000000000000000000e+00
0.000000000000000000e+00 0.000000000000000000e+00 0.000000000000000000e+00 0.000000000000000000e+00 0.000000000000000000e+00 0.000000000000000000e+00 0.000000000000000000e+00 0.000000000000000000e+00
0.000000000000000000e+00 0.000000000000000000e+00 0.000000000000000000e+00 0.000000000000000000e+00 0.000000000000000000e+00 0.000000000000000000e+00 0.000000000000000000e+00 0.000000000000000000e+00
0.000000000000000000e+00 0.000000000000000000e+00 0.000000000000000000e+00 0.000000000000000000e+00 0.000000000000000000e+00 0.000000000000000000e+00 0.000000000000000000e+00 0.000000000000000000e+00
0.000000000000000000e+00 0.000000000000000000e+00 0.000000000000000000e+00 0.000000000000000000e+00 0.000000000000000000e+00 0.000000000000000000e+00 0.000000000000000000e+00 0.000000000000000000e+00
0.000000000000000000e+00 0.000000000000000000e+00 0.000000000000000000e+00 0.000000000000000000e+00 0.000000000000000000e+00 0.000000000000000000e+00 0.000000000000000000e+00 0.000000000000000000e+00
0.000000000000000000e+00 0.000000000000000000e+00 0.000000000000000000e+00 0.000000000000000000e+00 0.000000000000000000e+00 0.000000000000000000e+00 0.000000000000000000e+00 0.000000000000000000e+00
0.000000000000000000e+00 0.000000000000000000e+00 0.000000000000000000e+00 0.000000000000000000e+00 0.000000000000000000e+00 0.000000000000000000e+00 0.000000000000000000e+00 0.000000000000000000e+00
0.000000000000000000e+00 0.000000000000000000e+00 0.000000000000000000e+00 0.000000000000000000e+00 0.000000000000000000e+00 0.000000000000000000e+00 0.000000000000000000e+00 0.000000000000000000e+00
0.000000000000000000e+00 0.000000000000000000e+00 0.000000000000000000e+00 0.000000000000000000e+00 0.000000000000000000e+00 0.000000000000000000e+00 0.000000000000000000e+00 0.000000000000000000e+00
0.000000000000000000e+00 0.000000000000000000e+00 0.000000000000000000e+00 0.000000000000000000e+00 0.000000000000000000e+00 0.000000000000000000e+00 0.000000000000000000e+00 0.000000000000000000e+00
0.000000000000000000e+00 0.000000000000000000e+00 0.000000000000000000e+00 0.000000000000000000e+00 0.000000000000000000e+00 0.000000000000000000e+00 0.000000000000000000e+00 0.000000000000000000e+00
0.000000000000000000e+00 0.000000000000000000e+00 0.000000000000000000e+00 0.000000000000000000e+00 0.000000000000000000e+00 0.000000000000000000e+00 0.000000000000000000e+00 0.000000000000000000e+00
0.000000000000000000e+00 0.000000000000000000e+00 0.000000000000000000e+00 0.000000000000000000e+00 0.000000000000000000e+00 0.000000000000000000e+00 0.000000000000000000e+00 0.000000000000000000e+00
0.000000000000000000e+00 0.000000000000000000e+00 0.000000000000000000e+00 0.000000000000000000e+00 0.000000000000000000e+00 0.000000000000000000e+00 0.000000000000000000e+00 0.000000000000000000e+00
0.000000000000000000e+00 0.000000000000000000e+00 0.000000000000000000e+00 0.000000000000000000e+00 0.000000000000000000e+00 0.000000000000000000e+00 0.000000000000000000e+00 0.000000000000000000e+00
0.000000000000000000e+00 0.000000000000000000e+00 0.000000000000000000e+00 0.000000000000000000e+00 0.000000000000000000e+00 0.000000000000000000e+00 0.000000000000000000e+00 0.000000000000000000e+00
0.000000000000000000e+00 0.000000000000000000e+00 0.000000000000000000e+00 0.000000000000000000e+00 0.000000000000000000e+00 0.000000000000000000e+00 0.000000000000000000e+00 0.000000000000000000e+00
0.000000000000000000e+00 0.000000000000000000e+00 0.000000000000000000e+00 0.000000000000000000e+00 0.000000000000000000e+00 0.000000000000000000e+00 0.000000000000000000e+00 0.000000000000000000e+00
0.000000000000000000e+00 0.000000000000000000e+00 0.000000000000000000e+00 0.000000000000000000e+00 0.000000000000000000e+00 0.000000000000000000e+00 0.000000000000000000e+00 0.000000000000000000e+00
0.000000000000000000e+00 0.000000000000000000e+00 0.000000000000000000e+00 0.000000000000000000e+00 0.000000000000000000e+00 0.000000000000000000e+00 0.000000000000000000e+00 0.000000000000000000e+00
0.000000000000000000e+00 0.000000000000000000e+00 0.000000000000000000e+00 0.000000000000000000e+00 0.000000000000000000e+00 0.000000000000000000e+00 0.000000000000000000e+00 0.000000000000000000e+00
0.000000000000000000e+00 0.000000000000000000e+00 0.000000000000000000e+00 0.000000000000000000e+00 0.000000000000000000e+00 0.000000000000000000e+00 0.000000000000000000e+00 0.000000000000000000e+00
0.000000000000000000e+00 0.000000000000000000e+00 0.000000000000000000e+00 0.000000000000000000e+00 0.000000000000000000e+00 0.000000000000000000e+00 0.000000000000000000e+00 0.000000000000000000e+00
0.000000000000000000e+00 0.000000000000000000e+00 0.000000000000000000e+00 0.000000000000000000e+00 0.000000000000000000e+00 0.000000000000000000e+00 0.000000000000000000e+00 0.000000000000000000e+00
0.000000000000000000e+00 0.000000000000000000e+00 0.000000000000000000e+00 0.000000000000000000e+00 0.000000000000000000e+00 0.000000000000000000e+00 0.000000000000000000e+00 0.000000000000000000e+00
0.000000000000000000e+00 0.000000000000000000e+00 0.000000000000000000e+00 0.000000000000000000e+00 0.000000000000000000e+00 0.000000000000000000e+00 0.000000000000000000e+00 0.000000000000000000e+00
0.000000000000000000e+00 0.000000000000000000e+00 0.000000000000000000e+00 0.000000000000000000e+00 0.000000000000000000e+00 0.000000000000000000e+00 0.000000000000000000e+00 0.000000000000000000e+00
0.000000000000000000e+00 0.000000000000000000e+00 0.000000000000000000e+00 0.000000000000000000e+00 0.000000000000000000e+00 0.000000000000000000e+00 0.000000000000000000e+00 0.000000000000000000e+00
0.000000000000000000e+00 0.000000000000000000e+00 0.000000000000000000e+00 0.000000000000000000e+00 0.000000000000000000e+00 0.000000000000000000e+00 0.000000000000000000e+00 0.000000000000000000e+00
0.000000000000000000e+00 0.000000000000000000e+00 0.000000000000000000e+00 0.000000000000000000e+00 0.000000000000000000e+00 0.000000000000000000e+00 0.000000000000000000e+00 0.000000000000000000e+00
0.000000000000000000e+00 0.000000000000000000e+00 0.000000000000000000e+00 0.000000000000000000e+00 0.000000000000000000e+00 0.000000000000000000e+00 0.000000000000000000e+00 0.000000000000000000e+00
0.000000000000000000e+00 0.000000000000000000e+00 0.000000000000000000e+00 0.000000000000000000e+00 0.000000000000000000e+00 0.000000000000000000e+00 0.000000000000000000e+00 0.000000000000000000e+00
0.000000000000000000e+00 0.000000000000000000e+00 0.000000000000000000e+00 0.000000000000000000e+00 0.000000000000000000e+00 0.000000000000000000e+00 0.000000000000000000e+00 0.000000000000000000e+00
0.000000000000000000e+00 0.000000000000000000e+00 0.000000000000000000e+00 0.000000000000000000e+00 0.000000000000000000e+00 0.000000000000000000e+00 0.000000000000000000e+00 0.000000000000000000e+00
0.000000000000000000e+00 0.000000000000000000e+00 0.000000000000000000e+00 0.000000000000000000e+00 0.000000000000000000e+00 0.000000000000000000e+00 0.000000000000000000e+00 0.000000000000000000e+00
0.000000000000000000e+00 0.000000000000000000e+00 0.000000000000000000e+00 0.000000000000000000e+00 0.000000000000000000e+00 0.000000000000000000e+00 0.000000000000000000e+00 0.000000000000000000e+00
0.000000000000000000e+00 0.000000000000000000e+00 0.000000000000000000e+00 0.000000000000000000e+00 0.000000000000000000e+00 0.000000000000000000e+00 0.000000000000000000e+00 0.000000000000000000e+00
0.000000000000000000e+00 0.000000000000000000e+00 0.000000000000000000e+00 0.000000000000000000e+00 0.000000000000000000e+00 0.000000000000000000e+00 0.000000000000000000e+00 0.000000000000000000e+00
0.000000000000000000e+00 0.000000000000000000e+00 0.000000000000000000e+00 0.000000000000000000e+00 0.000000000000000000e+00 0.000000000000000000e+00 0.000000000000000000e+00 0.000000000000000000e+00
0.000000000000000000e+00 0.000000000000000000e+00 0.000000000000000000e+00 0.000000000000000000e+00 0.000000000000000000e+00 0.000000000000000000e+00 0.000000000000000000e+00 0.000000000000000000e+00
0.000000000000000000e+00 0.000000000000000000e+00 0.000000000000000000e+00 0.000000000000000000e+00 0.000000000000000000e+00 0.000000000000000000e+00 0.000000000000000000e+00 0.000000000000000000e+00
0.000000000000000000e+00 0.000000000000000000e+00 0.000000000000000000e+00 0.000000000000000000e+00 0.000000000000000000e+00 0.000000000000000000e+00 0.000000000000000000e+00 0.000000000000000000e+00
0.000000000000000000e+00 0.000000000000000000e+00 0.000000000000000000e+00 0.000000000000000000e+00 0.000000000000000000e+00 0.000000000000000000e+00 0.000000000000000000e+00 0.000000000000000000e+00
0.000000000000000000e+00 0.000000000000000000e+00 0.000000000000000000e+00 0.000000000000000000e+00 0.000000000000000000e+00 0.000000000000000000e+00 0.000000000000000000e+00 0.000000000000000000e+00
0.000000000000000000e+00 0.000000000000000000e+00 0.000000000000000000e+00 0.000000000000000000e+00 0.000000000000000000e+00 0.000000000000000000e+00 0.000000000000000000e+00 0.000000000000000000e+00
0.000000000000000000e+00 0.000000000000000000e+00 0.000000000000000000e+00 0.000000000000000000e+00 0.000000000000000000e+00 0.000000000000000000e+00 0.000000000000000000e+00 0.000000000000000000e+00
0.000000000000000000e+00 0.000000000000000000e+00 0.000000000000000000e+00 0.000000000000000000e+00 0.000000000000000000e+00 0.000000000000000000e+00 0.000000000000000000e+00 0.000000000000000000e+00
0.000000000000000000e+00 0.000000000000000000e+00 0.000000000000000000e+00 0.000000000000000000e+00 0.000000000000000000e+00 0.000000000000000000e+00 0.000000000000000000e+00 0.000000000000000000e+00
0.000000000000000000e+00 0.000000000000000000e+00 0.000000000000000000e+00 0.000000000000000000e+00 0.000000000000000000e+00 0.000000000000000000e+00 0.000000000000000000e+00 0.000000000000000000e+00
0.000000000000000000e+00 0.000000000000000000e+00 0.000000000000000000e+00 0.000000000000000000e+00 0.000000000000000000e+00 0.000000000000000000e+00 0.000000000000000000e+00 0.000000000000000000e+00
0.000000000000000000e+00 0.000000000000000000e+00 0.000000000000000000e+00 0.000000000000000000e+00 0.000000000000000000e+00 0.000000000000000000e+00 0.000000000000000000e+00 0.000000000000000000e+00
0.000000000000000000e+00 0.000000000000000000e+00 0.000000000000000000e+00 0.000000000000000000e+00 0.000000000000000000e+00 0.000000000000000000e+00 0.000000000000000000e+00 0.000000000000000000e+00
0.000000000000000000e+00 0.000000000000000000e+00 0.000000000000000000e+00 0.000000000000000000e+00 0.000000000000000000e+00 0.000000000000000000e+00 0.000000000000000000e+00 0.000000000000000000e+00
0.000000000000000000e+00 0.000000000000000000e+00 0.000000000000000000e+00 0.000000000000000000e+00 0.000000000000000000e+00 0.000000000000000000e+00 0.000000000000000000e+00 0.000000000000000000e+00
0.000000000000000000e+00 0.000000000000000000e+00 0.000000000000000000e+00 0.000000000000000000e+00 0.000000000000000000e+00 0.000000000000000000e+00 0.000000000000000000e+00 0.000000000000000000e+00
